date,gdp_growth,industrial_production,unemployment,payrolls,retail_sales,housing_starts,consumer_confidence,pmi_manufacturing,cpi_inflation,pce_inflation,fed_funds_rate,sp500_returns,term_spread,credit_spread,oil_price_change
2000-01-01,-0.704280,0.243083,0.937760,-0.529201,-0.404293,-0.086739,-0.016540,0.087533,1.022677,0.201482,-0.099452,-0.539078,-0.075132,0.196573,0.729440
2000-02-01,-0.031455,0.146379,-0.008641,0.499372,1.131244,-0.149968,0.169246,0.742493,0.497359,0.984623,0.475691,0.157783,0.425569,0.797826,0.719192
2000-03-01,1.048281,1.221044,-0.429573,1.373645,1.093334,0.683318,0.449408,0.966268,-0.148457,0.367831,0.194915,0.492995,0.751774,0.309862,0.186726
2000-04-01,1.177124,1.800513,-1.296453,2.375106,1.449386,1.618061,0.522411,1.257914,0.764958,0.916792,1.317914,1.230979,0.727670,0.835298,0.572696
2000-05-01,1.234524,1.590665,-1.855468,2.009734,0.867754,1.180069,0.327597,1.030320,0.357930,0.207963,1.511775,0.092711,-0.312006,0.539513,-0.432246
2000-06-01,0.784812,1.489843,-1.507864,1.074469,0.358034,1.212625,-0.684148,-0.664604,-0.293148,-1.292479,-1.041385,-1.063813,-0.614428,-0.963973,-1.587082
2000-07-01,0.742637,0.347001,-0.529047,0.755362,0.858072,0.459492,-0.371544,-0.147438,-1.187250,-0.948423,-0.328513,-0.928620,-0.745509,-1.320225,-0.365122
2000-08-01,-0.089406,0.872503,-0.422725,-0.319120,-0.017052,-0.586575,0.575117,0.014298,-2.017072,-2.362353,-1.726041,-2.368752,-2.267723,-1.173675,0.241721
2000-09-01,-0.095938,-0.438779,-0.162110,-0.100459,-0.892118,0.184283,-0.461703,-0.820110,-1.396946,-1.162800,-1.927279,-1.454621,-1.423674,-1.789457,-1.142537
2000-10-01,-0.070567,-0.331040,0.053539,-0.296138,-0.257471,-0.332184,-1.370373,-1.582426,-0.771185,-0.764742,-0.399874,-1.060562,-0.388638,-1.363117,-0.875300
2000-11-01,-0.320604,0.418508,-0.230735,0.405714,-0.485287,-0.809266,-1.301742,-1.166849,-0.942391,-0.769966,-1.047020,-1.260255,-0.014944,-0.343831,-1.059936
2000-12-01,-0.526586,-0.563627,0.770861,-0.985468,-0.669231,-1.136803,-0.629919,-0.539686,0.239975,1.053724,-0.077812,-0.694032,0.527230,0.749403,0.142796
2001-01-01,-1.321511,-0.905125,1.161703,-1.303045,-0.829953,-0.606678,-2.113981,-0.980533,1.299176,0.497399,0.840226,0.064001,0.844289,0.188708,-1.405786
2001-02-01,-1.175628,-0.702184,0.969186,-1.191143,-1.021264,-2.349787,-1.564195,-2.634441,-0.913943,-1.102021,-1.097552,-0.928627,-0.732858,-0.821924,-1.912909
2001-03-01,-0.623290,-0.768990,0.188593,-0.387001,-1.045663,-1.348856,-1.365165,-0.625141,0.349445,-0.073895,-0.062428,-0.671773,0.917111,0.015358,-0.845120
2001-04-01,-0.600170,-0.824411,0.548273,-0.931778,-1.076901,-0.835783,-1.541031,-1.751324,0.036894,-0.220505,-0.052145,-1.850606,0.287040,-0.345280,-1.241280
2001-05-01,-1.980627,-0.361400,0.922084,-0.642305,-1.553155,-0.776732,-1.223509,-1.138732,0.354980,-0.392537,-0.313067,-0.405571,-0.174227,-0.363189,-0.463690
2001-06-01,-0.032486,-0.729502,0.623623,-0.317119,-0.500976,-0.480934,-0.258059,-1.004617,-0.731185,-1.655634,-1.106461,-1.715299,-1.272321,-1.076462,-0.401357
2001-07-01,-0.744715,-0.257727,0.864777,-0.925501,-0.624614,-0.585806,-0.667054,-0.083986,-1.137628,-1.363216,-0.764738,-1.402797,-1.288800,-1.276277,-0.197022
2001-08-01,-0.586909,-0.718374,0.704910,-0.555803,-0.728526,-1.241959,-0.695569,-0.934203,0.269593,0.097181,-0.534031,0.552431,0.103115,-0.520983,-1.577032
2001-09-01,0.473782,-0.779014,-0.227003,0.056938,0.707946,0.304887,0.429738,0.377709,0.390209,0.401404,0.131687,0.095981,-0.023480,-0.214879,0.165434
2001-10-01,-1.224730,-0.740003,0.262620,-1.125846,-0.682368,-0.061433,-0.375411,-1.354911,-0.546783,0.268409,-0.528044,-0.597830,0.103346,-0.660663,-0.552485
2001-11-01,-1.480686,-1.385487,1.432797,-1.828065,-0.831966,-0.946554,0.277547,-0.035955,1.033600,0.558864,0.052253,0.189906,0.516474,0.535782,0.462647
2001-12-01,-1.113570,-1.295033,0.770275,-0.432829,-1.290943,-0.985282,-0.077591,0.363262,0.987706,1.552356,0.493305,0.799701,0.515995,2.035555,0.116573
2002-01-01,-0.876134,-0.972018,1.662409,-1.323380,-0.881994,-0.775143,0.787328,0.948145,2.048336,0.928477,0.146682,0.857019,1.831397,0.884853,2.068108
2002-02-01,-0.647171,-1.570564,1.658000,-0.737766,-1.233225,-0.830315,-1.306421,-1.553429,1.491470,1.181775,1.477732,0.362530,1.655781,0.671131,-0.352719
2002-03-01,-0.320862,-1.425763,0.928990,-0.261724,-1.009888,0.450545,-0.639062,-1.080894,1.441811,1.613219,1.345805,0.974033,0.990396,1.243275,-1.048191
2002-04-01,-0.652882,-0.933171,0.244926,-0.139746,-0.258034,-0.330565,-1.271255,-0.975481,0.296734,-0.061752,0.856508,-0.353861,-0.031903,-0.407162,-0.691471
2002-05-01,-0.348916,-0.162415,0.724523,-0.688533,-0.832337,-0.909472,-0.554878,-1.135484,0.054960,1.032965,1.922414,0.391390,1.220990,0.716204,-0.595864
2002-06-01,-0.353595,-0.833460,0.884147,-0.627398,-0.904162,-0.129139,-0.259353,-0.564140,0.627241,0.090684,0.310760,0.099452,0.755943,0.594663,0.033235
2002-07-01,-0.110584,0.042778,0.684634,-0.452326,-0.911281,-0.851361,0.022962,-0.163761,0.000132,0.147460,0.235253,-0.019317,0.205013,0.165149,-0.618478
2002-08-01,-0.632066,-0.484190,0.036709,-0.209055,0.290805,0.312532,-0.395995,0.231674,0.764368,0.574824,0.387533,0.228188,0.492018,0.671783,-0.051965
2002-09-01,-0.711647,-0.596142,1.026771,-0.349751,-1.373836,-1.687964,-0.906242,-1.761103,0.095914,-0.234517,-0.493264,-0.157030,0.564320,-0.289106,-2.232098
2002-10-01,-0.585634,-0.337138,-0.130873,-0.384577,-0.455530,-0.054608,-0.758110,-1.150585,0.874567,0.361820,0.429044,-0.447948,0.259859,-0.162056,-0.737254
2002-11-01,-0.094203,-1.063773,-0.165120,-0.016505,-0.843378,-0.970164,-0.598713,-1.217637,0.087872,-0.270431,-0.676774,0.056800,-0.730823,-0.346133,-0.843801
2002-12-01,-0.393608,-0.212381,0.555056,-1.021241,-0.763978,-1.194743,-0.190321,-0.933554,-1.129724,-0.788083,-1.384768,-1.658925,-0.360524,-1.277556,-1.413061
2003-01-01,-0.143796,-0.001982,0.679242,-0.023028,-0.617030,-0.818433,0.203301,-0.506004,0.529388,1.145035,0.819835,0.500155,1.446416,0.221415,0.203627
2003-02-01,-0.377287,-0.333415,0.792689,-0.186697,-0.255009,0.208154,-1.563823,-1.647130,-0.060911,-0.387954,1.349396,-0.741453,0.391832,-0.051358,-1.183190
2003-03-01,0.242252,0.168632,0.058121,-0.225310,0.128288,-0.115781,1.167261,0.675103,0.860301,0.843507,0.949919,0.678033,-0.066441,0.813724,0.371354
2003-04-01,-0.338737,-0.083979,0.845666,-0.302452,-0.016132,0.621166,0.362949,1.200831,0.885108,-0.009322,0.862377,0.716802,1.058053,0.969647,0.368535
2003-05-01,-1.085888,-0.964470,0.828720,-1.157210,-0.346109,0.228356,0.556978,-0.213927,1.455709,1.697858,0.685201,0.855401,1.008725,0.887055,1.113441
2003-06-01,-0.133657,-0.084212,0.157897,-0.460211,0.260919,-0.284828,1.807089,0.851616,0.651763,0.943755,-0.244269,-0.052578,-0.260593,1.317490,1.053681
2003-07-01,0.154587,-1.056074,1.361252,-0.372687,0.304949,0.275333,2.215917,1.833781,1.149100,1.209588,0.190577,0.675021,0.489239,1.109018,1.951983
2003-08-01,-1.054850,-1.087546,1.699283,-0.915530,-1.653674,-1.315896,0.530615,-0.205828,0.221804,0.244178,0.479401,0.398942,-0.458425,1.299253,1.774338
2003-09-01,-1.372010,-1.652176,1.294417,-1.770608,-1.153828,-0.830614,0.763780,-0.291942,-1.302083,-0.687207,-1.809366,-0.838030,-1.054443,-0.835372,-0.236256
2003-10-01,-1.918394,-2.302116,1.672403,-3.240173,-2.122191,-1.214129,-0.204822,-1.274230,-0.697285,-0.200940,-1.106502,-0.974825,-0.264522,0.107133,-0.410958
2003-11-01,-1.073290,-1.285250,0.583399,-1.080224,-0.956732,-0.670587,-0.963000,-0.178830,-0.848083,-0.641535,-1.022253,-2.092129,-0.341701,-0.363467,-0.652053
2003-12-01,-0.441289,-0.209539,-0.315746,-0.601643,-0.289297,-1.223728,-0.194336,-0.854260,-1.063887,-1.107709,-1.745176,-0.610441,-1.405772,-1.460045,-0.324721
2004-01-01,0.615961,0.057201,-0.576198,0.548862,0.318063,-0.083125,-0.125855,-0.240135,-1.804334,-2.045087,-2.679319,-1.109408,-1.226608,-2.643430,-0.830573
2004-02-01,0.432351,1.016579,-0.527040,0.053607,-0.003610,0.641632,-0.903106,-0.832825,-1.057480,-1.110014,-0.476625,-0.040407,-0.497629,-0.970426,-1.039713
2004-03-01,-0.972507,-0.181422,0.369935,-0.551902,0.726507,-0.382736,-0.803331,-0.692744,0.146260,-0.184876,-0.829606,-0.076156,-0.512499,0.537926,0.013174
2004-04-01,-0.487495,0.066993,0.292601,-0.027990,-0.219169,-0.681524,-0.984998,-0.317984,-0.104241,-0.077993,-0.275017,-0.081084,0.917950,-0.560490,-0.664769
2004-05-01,0.205572,-0.301380,0.323365,-0.661345,-0.133341,-0.252068,-0.515106,-0.381132,1.263622,0.500143,0.492555,-0.041052,0.191058,0.233094,-0.961737
2004-06-01,0.789994,1.153603,-1.220247,1.183741,1.186296,0.737968,-1.702445,-0.887332,1.134179,0.622556,0.500225,0.179121,1.141660,0.620930,-1.146682
2004-07-01,0.937085,0.925983,-1.468880,1.681308,0.829258,1.429803,0.620338,0.598416,-0.150436,0.238533,0.311325,-0.107116,0.311814,-0.522400,0.242896
2004-08-01,1.462617,1.703589,-1.542235,1.508275,1.743426,1.092552,1.212347,0.555809,-0.236568,0.557385,-0.359851,0.151881,0.073400,-0.027263,0.535629
2004-09-01,2.009968,1.981940,-1.124274,1.854618,1.778143,1.892099,2.715968,2.038654,0.211984,1.056939,0.648015,0.526079,0.867919,0.615274,1.572153
2004-10-01,1.290404,1.245172,-0.908144,0.985966,1.318559,0.845821,1.005857,1.086996,-0.450706,0.412842,-0.066845,0.824382,0.158348,0.890567,0.279250
2004-11-01,0.426289,0.506482,-0.584278,0.790421,-0.161969,-0.074904,0.128847,0.940367,0.594808,-0.047276,-0.035347,0.276056,0.409799,-0.375720,0.482302
2004-12-01,0.929515,0.709886,-0.386664,0.900539,-0.466337,0.870917,0.236197,-0.149507,0.780586,1.128349,0.573562,1.177072,1.194227,1.201763,1.133908
2005-01-01,1.871565,1.547593,-1.774683,1.339470,1.351479,2.325879,2.252883,2.396118,0.867627,0.698426,1.343117,1.311215,0.578562,0.641573,1.452338
2005-02-01,1.253561,1.428886,-1.550579,1.140460,0.814154,1.144682,0.416993,1.431149,-0.033984,-0.549812,0.059230,0.277480,0.151810,0.720822,-0.236049
2005-03-01,1.567289,1.461196,-1.188860,1.552732,1.172898,1.106901,0.947894,1.794767,-0.023787,0.778748,0.170500,0.419683,-0.569234,-0.634221,0.141989
2005-04-01,1.482830,1.578811,-2.010431,1.737927,1.112324,1.242139,1.093582,1.009454,-0.137666,-0.303336,-0.603385,0.153114,0.040330,-0.408132,0.008719
2005-05-01,0.400249,0.290032,-0.571821,0.397972,0.491974,-0.275635,1.072323,0.506598,-0.286307,0.067023,-0.090752,0.469490,-0.150343,-0.414531,0.535572
2005-06-01,-0.026704,0.429619,-0.460981,0.282726,0.161274,-0.764926,0.179506,0.452473,-0.901769,-1.220969,-0.229364,-0.909609,-0.463838,-0.547394,-0.155380
2005-07-01,0.991540,0.109605,-0.278236,0.871670,0.009877,0.692261,0.255185,0.509295,-1.109795,-1.104174,-0.603378,-0.333280,-1.742813,-0.373509,-0.713071
2005-08-01,0.663528,0.834660,-0.963590,0.263442,-0.282769,-0.152997,0.245145,0.692332,-1.062632,-0.851803,-1.512468,-1.082577,-2.058468,-1.645512,0.420693
2005-09-01,1.285310,0.338520,-0.878323,0.696546,0.836838,0.173690,1.240443,0.919979,-0.276847,0.031071,-0.158568,0.118928,-0.309041,-0.065774,0.671332
2005-10-01,-0.270262,0.370044,0.412120,-0.335563,0.017687,-0.569746,1.089661,0.686356,-0.883465,-0.539819,-1.461699,-0.994939,-1.322035,-0.502269,1.322132
2005-11-01,1.299813,0.685200,0.157294,-0.356036,0.463586,-0.041289,2.638272,2.603051,-0.083086,-0.587943,0.142899,0.593020,-0.121732,1.596647,2.415732
2005-12-01,0.069514,0.586870,0.179475,1.322639,0.513284,0.941654,2.461247,2.459505,2.021217,0.403499,0.798845,1.952210,1.069963,1.400495,2.779587
2006-01-01,0.923200,0.999843,-0.663768,1.050128,0.981704,1.018090,2.295492,2.662286,0.648061,0.011043,1.042064,1.043154,0.175517,0.743491,2.798146
2006-02-01,-0.424615,1.229698,0.390417,0.195691,0.249840,0.275021,1.221575,1.201386,0.504759,0.364662,0.123850,0.519060,0.087033,0.982128,1.283670
2006-03-01,-0.837259,0.142211,0.243777,-0.080959,0.009092,0.836728,0.045034,-0.562943,1.831000,1.220738,1.004916,0.915552,1.910198,1.846324,0.138132
2006-04-01,0.510494,0.427349,-0.564717,0.430007,0.536966,0.604143,-0.018373,-0.100475,0.396465,0.707596,0.415266,-0.262569,0.293735,-0.187283,-0.843227
2006-05-01,0.671693,0.440970,-0.972272,0.012067,0.708342,0.703939,-1.031126,-0.257982,0.680492,-0.274808,0.297392,-0.131070,0.130586,0.512694,-0.998907
2006-06-01,0.077472,-0.571326,-0.000911,-0.333968,0.132360,0.397704,-0.461779,-1.341283,-0.527014,0.733406,1.573786,0.821472,0.857114,0.183690,-0.616209
2006-07-01,-0.119466,0.307500,-0.095769,0.587428,1.234238,0.456761,-1.183015,-0.850887,-0.123803,0.312886,0.587653,-0.036487,0.759277,-0.045400,-0.503088
2006-08-01,1.176167,1.146605,-1.500587,1.277345,1.409109,0.905162,-1.594954,-1.102974,0.413965,0.609746,1.169579,1.022331,1.326417,0.632761,-1.212947
2006-09-01,1.169795,1.327430,-1.331060,1.315594,0.897527,0.095959,-0.308402,0.525477,0.818583,0.854071,1.292998,0.624428,0.713594,0.047134,-0.694191
2006-10-01,0.828096,1.001436,-0.659922,0.415410,0.584675,0.836664,-0.524699,-0.728902,0.113852,-0.103728,0.280704,0.361447,0.221124,0.960353,0.034768
2006-11-01,0.982598,1.144333,-1.467335,1.333711,0.726916,0.966104,-0.469146,-0.477181,-0.118943,-0.197287,-0.474603,-0.507395,0.208297,-0.937136,0.317396
2006-12-01,0.367899,0.884103,-0.739004,0.851996,0.357540,0.296771,0.947523,0.571137,-0.295317,-0.669681,-0.533835,-0.444336,-1.559097,-0.409460,1.726177
2007-01-01,1.011459,0.816655,-0.890524,0.773941,0.867742,-0.155715,1.597724,1.455163,-0.839489,-0.793366,-0.904803,0.003537,-0.804286,-0.905597,0.534330
2007-02-01,1.698931,2.215024,-2.205938,1.120864,1.622253,1.448176,0.464411,0.741217,-0.135255,0.601443,-0.312980,0.138045,0.118704,-0.744935,-0.169760
2007-03-01,1.637061,1.055992,-0.994968,0.575127,0.824936,0.944731,-0.210226,0.602414,1.025711,0.378083,1.135712,1.098310,1.362288,1.389439,-0.736609
2007-04-01,0.857243,0.602882,-1.160609,1.234576,1.485205,1.164250,-0.520501,-0.102569,0.840734,1.944656,0.730666,1.140705,2.081228,0.927659,-0.633666
2007-05-01,0.461501,0.664046,-0.585884,-0.086929,0.949157,-0.303755,-1.178434,-1.006365,-1.055755,-1.746028,-0.551576,-0.213363,-1.431311,-1.226938,-1.810389
2007-06-01,0.639141,0.642157,-1.031799,0.803148,1.032446,0.019216,0.457124,-0.227944,-1.978219,-1.229435,-0.615480,-0.855741,-1.485604,-1.340841,-0.797986
2007-07-01,-0.229855,-0.020831,0.011921,-0.520995,-0.478323,-0.893866,-0.194705,0.587969,-1.627938,-1.491701,-1.600748,-0.963247,-1.452777,-1.606954,0.251766
2007-08-01,0.944558,0.424629,-1.390808,0.969200,0.035174,0.349552,-0.006837,1.108597,-2.326474,-1.354501,-1.531890,-1.470346,-1.827225,-1.132225,0.352866
2007-09-01,0.560964,1.187204,-1.182026,1.092371,0.226517,-0.501608,0.172124,0.618504,-1.586667,-1.778347,-1.014853,-1.820229,-1.767047,-2.109813,0.413895
2007-10-01,0.639145,0.348203,-1.550666,0.531737,0.344667,0.089869,0.937586,0.082692,-1.518716,-1.120898,-2.206840,-0.965865,-1.787479,-1.477712,0.209208
2007-11-01,-0.015694,-0.028563,-0.213697,-0.260965,-0.416724,0.106861,0.163818,0.828443,-1.000460,-1.690386,-1.303730,-0.128956,-1.490383,-1.093015,0.576012
2007-12-01,1.411113,1.148850,-1.346481,1.694895,1.747347,1.042940,1.970331,1.631060,-1.696828,-0.981872,-0.981091,0.472518,-1.054738,-1.510217,1.890207
2008-01-01,-0.465910,-0.250082,0.304199,0.573040,1.023110,-0.228725,1.112061,1.241333,-0.835910,-1.149126,-0.440700,-0.471668,-1.030822,-0.458581,1.240390
2008-02-01,0.150737,-0.263911,-0.163501,-0.524605,-0.054312,-0.094345,0.756850,1.144981,-1.265437,-0.843035,-1.600921,-0.976595,-0.930502,-0.560040,0.276675
2008-03-01,-0.385789,-0.830608,0.205516,-0.029135,-0.230799,-0.448164,0.697659,0.556684,-1.525970,-0.834763,-1.050312,-0.615393,-1.466848,-1.901256,1.062217
2008-04-01,-0.250084,-0.341964,0.338997,-0.262742,0.228928,-0.176021,1.200583,0.312012,-0.796293,-1.007099,-1.362963,-0.635796,-1.968108,-0.701169,0.317032
2008-05-01,-0.275518,-0.401177,0.419704,-0.187185,0.746660,-0.277349,0.405400,0.555964,0.191163,-0.265412,-0.553418,0.208853,-0.175175,0.483008,1.632305
2008-06-01,-0.474170,-0.836318,0.356206,-0.348264,-0.775719,-0.961284,1.005292,0.705246,-0.544822,-0.743350,-0.739150,-0.664726,-0.301624,0.201309,0.088700
2008-07-01,-0.315370,-0.555706,-0.103149,-0.127363,-0.639162,-0.584191,0.306550,0.699663,-0.310037,-0.525568,-0.271389,-0.294516,-0.491133,0.635126,1.244041
2008-08-01,0.267624,0.962040,-0.323215,0.190286,0.942845,1.074440,0.552981,0.654377,-0.056859,-0.247475,-0.100961,0.279157,-0.277061,-0.805063,1.194884
2008-09-01,0.895747,0.423393,-0.383788,-0.150527,0.696784,0.514956,1.233023,1.643478,-0.492411,-0.044703,-0.748558,0.227604,-0.476133,0.043422,0.914836
2008-10-01,1.014537,1.231122,-0.832943,0.255336,1.801322,1.459499,1.362232,2.101642,0.292947,0.630132,0.560984,1.084736,0.031371,0.460118,1.292031
2008-11-01,0.550213,0.669800,-0.750071,0.907698,1.454502,0.509881,1.192506,1.310825,1.037775,0.883973,1.122005,1.397572,0.247422,1.345672,1.429468
2008-12-01,0.565713,0.727464,-0.329575,0.596895,1.251948,1.754675,0.557596,0.383874,0.762737,0.939074,0.574867,1.607610,0.054863,1.038478,0.488437
2009-01-01,1.722624,1.776889,-1.123359,0.808915,1.541079,0.750090,1.927444,1.948119,-0.547227,0.264395,-0.075640,0.810695,0.667663,-0.030340,2.058579
2009-02-01,0.309296,0.280021,0.102180,0.420482,0.601828,0.497792,1.557003,1.344141,-1.020160,-0.792221,0.598362,0.718958,-1.229103,-0.774970,1.731117
2009-03-01,0.984253,0.923300,-0.600443,0.613512,0.957098,0.623219,0.823633,1.550749,-0.210918,0.256020,1.331062,0.965344,-0.118230,0.850948,1.727375
2009-04-01,0.673923,0.738983,0.297086,0.043378,0.677493,-0.121356,1.284344,0.706080,-0.618368,-0.463015,0.031586,0.532964,-0.954847,-0.151376,0.550997
2009-05-01,-0.350873,-0.103617,0.026694,0.866819,0.225034,-0.591042,0.296556,0.857810,1.122175,-0.272795,-0.529161,1.244292,0.374692,-0.007387,0.792429
2009-06-01,-1.291290,-0.520671,0.730195,-0.204120,-0.867293,-0.455000,-0.022136,0.321650,-0.322728,-0.071471,-0.486345,0.308537,0.273010,0.031480,0.486802
2009-07-01,-1.247361,-0.909238,0.813903,0.165468,-1.280699,-0.242563,0.476012,0.061857,0.184006,-0.269295,-0.416580,-0.570144,-0.074841,0.137698,-0.052299
2009-08-01,-1.090391,-0.723067,0.294272,-0.693320,-0.265910,-0.970987,-0.337720,-0.369302,-0.362166,-1.453951,-0.898494,-0.683573,-0.175600,-0.832394,-1.098555
2009-09-01,-0.541531,-0.826021,-0.116929,-0.829016,-1.017385,-1.180942,-2.073908,-0.861639,-1.030307,-1.112209,-1.712059,-1.780864,-1.278723,-1.231563,-1.041227
2009-10-01,-1.228254,-0.889192,0.887113,-0.355105,-0.864021,-0.789965,-0.840099,-0.399242,-1.097131,-1.442579,-0.539238,-1.130110,-1.295400,-1.407670,-0.716834
2009-11-01,0.169156,0.091124,-0.001486,0.678737,0.366296,0.033216,-0.009534,-0.710325,-0.055411,0.558999,-0.147508,-0.636392,-0.371235,-0.721486,-0.788884
2009-12-01,-0.191289,-0.501018,-0.103048,0.319829,-0.565118,0.418702,-0.165344,0.067204,-1.025043,-0.319568,-1.012337,-0.289322,-0.553742,-0.447636,-1.017620
2010-01-01,-0.610467,-0.103625,-0.189188,-0.113534,-0.983075,-0.000068,-1.299612,-0.571938,-0.135532,-0.568277,0.027304,-0.484207,-0.462715,-0.905787,-1.706484
2010-02-01,0.210764,-0.523562,0.024335,-0.085813,0.368093,0.083362,-0.542698,-0.072510,0.970883,0.950986,1.070034,-0.148898,1.141552,0.952172,-0.779475
2010-03-01,0.210337,0.157746,-0.200787,0.310451,0.876906,0.907678,-0.890541,-0.056428,1.683425,1.275225,1.644592,1.754271,1.556343,1.063771,0.160438
2010-04-01,0.412300,0.269144,-0.349770,0.862574,0.047505,1.123279,0.058174,-0.585015,1.121237,0.149334,1.271603,1.199483,0.727184,0.892872,0.767589
2010-05-01,-0.252578,-0.564772,0.824598,0.532979,-0.064281,0.434803,0.563840,-0.252597,0.605973,1.266900,1.418751,0.855272,0.361291,1.638414,-0.035497
2010-06-01,0.933402,0.951951,0.079741,1.095599,1.333864,1.253308,1.742473,1.924174,0.584996,1.416440,1.497153,1.447940,1.483413,1.599947,2.520674
2010-07-01,0.921940,0.039957,0.075389,0.116563,0.385641,0.650652,0.865026,0.670394,2.020588,1.945678,1.176808,2.197757,1.246709,1.890563,1.729776
2010-08-01,1.351994,1.424284,-1.362808,1.176288,1.281951,0.986079,0.600150,0.244044,0.752679,0.831715,0.987308,1.153950,0.938185,1.145467,0.831835
2010-09-01,0.365123,0.224819,-1.144444,0.443041,0.288371,0.008754,-0.612957,-0.165195,-0.652138,-0.375308,-0.641243,-0.610830,-0.894235,-0.653723,-0.795838
2010-10-01,0.272651,-0.505695,-0.281460,0.201749,0.079056,1.117080,0.120427,-0.368740,-0.438689,-0.994720,-0.294358,-0.650332,0.040090,-0.572908,-0.175523
2010-11-01,0.903516,1.654454,-1.203524,1.769398,1.378574,1.240298,0.254818,0.444891,-0.259209,0.418129,1.085970,0.677125,0.050462,0.419440,0.618557
2010-12-01,0.663948,0.199208,0.011180,0.108633,-0.469621,-0.042058,-0.245158,-0.806525,0.514384,0.501075,1.575689,1.025614,1.603169,0.313284,-0.737216
2011-01-01,0.812122,1.688414,-1.628920,1.296736,0.845138,1.147605,-0.640074,-0.290509,1.221963,1.172848,2.000586,0.825359,1.616695,1.716901,-0.699749
2011-02-01,-0.039344,-0.079792,0.509660,0.089101,0.054230,0.703512,-0.900642,-0.136002,2.090804,1.714782,1.500009,0.971192,2.047368,2.162550,-0.514163
2011-03-01,0.812362,-0.076035,-0.937649,0.641160,0.236833,0.273328,-0.771975,-0.227581,0.429014,-0.340815,-0.144347,0.132657,0.818932,-0.909479,-0.876719
2011-04-01,0.347063,0.950306,-0.715040,0.647119,0.505612,-0.386530,-0.275584,-0.332939,0.656165,1.991632,-0.196715,1.096726,0.468032,0.426906,-0.698670
2011-05-01,0.569519,0.543180,-0.764846,0.166027,0.882283,0.385510,-0.809024,-0.373509,0.240693,-0.379960,0.216310,-0.443268,0.248289,0.023966,0.163375
2011-06-01,0.731017,0.972731,-0.697767,1.230303,0.453985,1.014825,0.219778,0.378865,0.336201,0.438618,0.411186,0.618458,0.983328,0.766357,0.497874
2011-07-01,-0.086872,-0.230068,0.300974,0.363814,0.572520,-0.439582,0.542213,-0.040657,-0.872752,-0.213709,-0.838513,-0.042932,-0.778316,-0.324128,-0.004152
2011-08-01,0.357698,-0.673609,-0.292217,-0.357226,0.753564,0.334164,1.517902,1.835172,-1.214394,-0.031071,-0.412516,-0.255871,-0.424309,-0.955407,0.773265
2011-09-01,0.155300,0.092898,-0.494602,0.690052,0.252172,0.381132,0.773793,0.258452,0.323316,-0.470310,0.144698,-0.067153,0.908236,0.812080,1.000390
2011-10-01,1.878016,1.032187,-0.914862,1.363646,1.651027,2.038620,1.363118,1.324947,0.878911,1.112579,1.508533,1.895514,0.992769,2.606548,1.610251
2011-11-01,2.151238,1.786812,-1.498959,1.336780,2.105514,2.038106,1.424197,2.153794,1.774951,1.036515,1.450080,2.258814,2.412994,2.166594,1.119708
2011-12-01,1.354638,0.443198,-0.185564,0.717976,1.316352,1.824841,1.333903,1.300710,1.681961,2.237311,1.074468,1.007998,1.454714,2.244682,2.393702
2012-01-01,-0.567160,-0.627665,0.881270,-1.204656,-0.597787,-0.251122,-0.344642,-0.721374,0.410153,-0.541001,0.114077,0.255808,-0.002242,0.317241,-0.165498
2012-02-01,-0.405503,-0.390590,0.298771,-0.567892,0.021509,-0.129432,0.295740,0.499251,1.216125,0.130776,1.196074,0.639018,0.904129,1.497291,0.169517
2012-03-01,-0.575447,-0.642437,0.377692,0.126678,-0.603139,-0.275128,-0.355695,-0.905009,1.577373,1.771947,1.405939,1.057405,1.366729,0.771541,0.074257
2012-04-01,-0.700772,-1.429446,1.643202,-1.179826,-1.676776,-0.215158,-0.414079,-0.035215,0.930396,1.871785,1.216784,0.715834,1.089159,0.925998,0.576050
2012-05-01,-1.228464,-1.957439,0.828492,-1.369932,-1.206546,-1.274441,-0.201978,-1.547481,-0.380027,-1.055187,-0.194028,-0.880743,-0.289561,-0.821655,0.146072
2012-06-01,-1.432888,-1.653727,1.846149,-1.647178,-2.032509,-1.237814,0.037969,-0.422839,-0.195226,0.269327,-0.716254,-0.283456,0.112835,-0.789086,-0.619165
2012-07-01,-2.332641,-2.374381,1.720883,-2.112010,-2.193215,-2.155256,-1.765778,-1.292254,0.253037,-0.516310,-0.831124,-1.068099,-0.587864,-0.577168,-0.639105
2012-08-01,-2.620354,-1.645283,2.009929,-2.223126,-2.068278,-1.738291,-2.379385,-1.299173,0.312656,0.480411,0.508630,-1.240439,0.428083,-0.088337,-0.786458
2012-09-01,-2.231951,-1.613062,1.181396,-1.379596,-1.442015,-1.683595,-1.978658,-1.819336,-0.460786,0.264739,-0.281263,-2.279432,-0.204021,-0.805066,-2.070376
2012-10-01,-1.900703,-1.429157,1.697029,-1.314158,-1.881594,-1.255842,-1.870496,-2.019228,-1.223283,-1.343426,-0.850551,-1.375542,-0.677450,-1.093801,-1.884781
2012-11-01,-1.626860,-2.387877,2.196871,-2.310147,-2.093984,-2.129354,-1.537553,-1.136862,0.907235,1.065725,0.670327,-0.813101,0.448078,0.095127,-0.177491
2012-12-01,-2.338922,-1.781837,2.404318,-1.372317,-2.089265,-1.332025,-0.376160,-1.684605,0.048438,-0.083955,0.657383,-1.213611,0.352563,0.627603,-0.556077
2013-01-01,-1.541801,-1.772906,2.437693,-2.230998,-1.860429,-1.706246,-0.213321,-0.420275,1.161202,1.407882,0.111311,0.924054,1.335955,1.178338,0.870928
2013-02-01,-2.372194,-2.129957,1.714657,-1.682408,-2.244867,-1.297728,-0.322194,-0.805802,0.434989,-0.040030,-0.311297,0.101840,0.473493,0.199245,-0.490245
2013-03-01,-3.481070,-3.250959,3.623071,-3.422268,-2.769001,-2.320172,-1.021388,-0.888230,-0.439676,-0.700047,-0.031908,-2.231581,-0.612022,-0.744374,0.450623
2013-04-01,-1.337020,-1.764091,1.667099,-2.275699,-1.254529,-1.387964,0.332699,0.233329,-0.443318,-0.432928,-1.173591,-1.104470,-0.258584,0.248458,0.298547
2013-05-01,-0.788595,-1.372489,1.862556,-0.871709,0.162482,-0.915471,0.739605,0.733466,2.014454,1.597028,0.888711,1.789349,1.631964,1.338821,2.035952
2013-06-01,-0.748494,-1.181221,1.286322,-1.018015,-1.443875,-0.918364,-1.458059,-0.417091,-0.042423,1.155067,0.254692,-0.122671,0.210660,0.316215,0.378306
2013-07-01,-1.882762,-0.673435,1.057876,-1.542051,-1.606846,-0.255096,-1.778699,-1.877011,0.322351,0.058932,-0.468868,-0.677707,-0.452711,0.192151,-0.721110
2013-08-01,-0.976852,-1.028838,1.767928,-1.178942,-1.679105,-1.014268,0.584005,-0.766916,-0.816697,-0.409094,-0.778449,-1.297002,-0.269837,0.504490,0.061322
2013-09-01,-0.612256,-0.900594,0.603188,-0.009475,-0.144964,-0.466159,0.610003,0.281763,0.043400,0.152198,-1.035316,0.675812,-0.173867,0.594903,0.309682
2013-10-01,-0.602886,-0.250569,0.558835,0.410263,0.095264,-0.525395,0.957361,1.649577,-1.005033,0.118847,-0.851185,0.610053,-0.487088,-0.305679,1.104232
2013-11-01,-0.128730,0.168379,0.020102,-0.256814,-0.185916,-0.292081,-0.091543,0.829772,-1.487886,-1.395830,-1.709960,-1.424696,-1.607484,-1.105294,1.419009
2013-12-01,-0.714024,-0.405822,0.601066,-0.476238,-0.704316,-1.426706,1.236507,1.209561,-2.363268,-1.900299,-1.759643,-1.648630,-1.471818,-1.622014,1.511047
2014-01-01,0.919333,0.752301,-0.374604,1.047435,0.132067,-0.343066,1.045728,1.340752,-1.925097,-2.362070,-2.013816,-1.081147,-1.843026,-0.610080,-0.065366
2014-02-01,0.087030,0.568011,0.593221,-0.119539,-0.069550,-0.218242,0.165802,0.047001,-1.683193,-2.624584,-1.288455,-1.322748,-1.745336,-0.623063,-0.513630
2014-03-01,-0.813204,0.091503,0.079093,-0.796344,-0.916080,-0.528531,-0.621698,-1.218171,-1.644626,-1.504605,-1.259522,-1.257779,-1.091504,-2.129860,-0.321768
2014-04-01,-0.389270,0.071470,0.382832,0.026461,-0.428400,-0.048486,-0.433482,-0.669959,-0.155179,-0.571285,-0.616620,-1.662804,-1.402977,-0.849431,-0.653029
2014-05-01,-1.060533,-0.769008,1.297715,-0.571264,-1.437261,-1.078723,-0.581044,-0.525120,-1.286966,-1.166577,-1.590379,-1.193796,-1.289952,-2.295883,0.666364
2014-06-01,-0.186536,-0.573696,0.324604,-0.917137,0.000223,0.037561,-0.126540,0.144465,-1.334339,-1.752391,-1.416276,-1.177266,-1.460877,-1.299771,-0.334802
2014-07-01,-0.113274,0.077550,-0.601121,-0.247060,-0.804831,-0.089951,-0.637979,0.593044,-1.469824,-1.912342,-2.805559,-1.644126,-1.839692,-2.138060,-0.381685
2014-08-01,-0.059417,-0.241708,-0.028342,-1.086679,-0.823513,-0.822702,-0.332889,-0.749732,-0.985480,-0.293891,-0.670016,-1.197272,-1.113773,-1.239655,-0.084093
2014-09-01,-1.801809,-1.455251,1.255668,-1.671700,-2.345329,-1.685186,-0.955797,-0.898524,-2.269981,-1.381468,-2.310168,-1.446805,-2.605535,-1.673927,-0.661495
2014-10-01,-1.453463,-0.931095,1.363735,-1.952532,-1.179731,-2.568654,-0.763491,0.079436,-2.265711,-2.277641,-1.999815,-1.008588,-2.638040,-2.241449,0.237518
2014-11-01,-1.564901,-2.084395,1.341086,-1.233518,-1.685887,-1.936592,-1.845892,-1.737851,-1.819214,-1.451780,-1.117230,-1.909623,-2.061796,-1.077061,-1.145743
2014-12-01,-2.086704,-1.732963,1.559045,-2.220101,-2.668132,-2.949320,-1.744707,-1.101451,-2.087202,-1.232843,-1.094565,-2.094476,-1.301245,-2.015653,-1.428368
2015-01-01,-2.413302,-2.933231,2.444177,-1.795431,-2.223230,-1.883142,-1.383470,-1.879276,-0.024251,-0.429216,0.050076,-1.207734,-0.296374,-1.140704,-1.189864
2015-02-01,-1.632302,-1.554113,0.905092,-1.747614,-0.621364,-0.825469,-0.191103,-1.515775,-0.859909,-1.270698,-1.168482,-1.693355,-0.343489,-1.045935,-0.265477
2015-03-01,-0.420977,0.361876,-0.465161,0.079633,-0.414618,-1.358772,-0.707674,-0.933566,-2.311276,-2.314284,-2.124821,-1.212383,-1.891159,-1.724903,-1.703146
2015-04-01,-0.388095,0.360731,-0.705421,-0.169476,-0.330504,-0.405478,-0.514916,-0.255190,-1.388786,-1.190966,-1.743776,-1.536714,-0.944021,-1.081242,-1.325623
2015-05-01,-0.374284,-1.076466,0.247055,0.321962,-1.018875,-1.033684,-0.272539,-1.159722,-1.432404,-0.806728,-1.247404,-1.277234,-0.728530,-0.892740,-0.547204
2015-06-01,0.193471,0.454402,-0.443014,0.490546,-0.002166,0.037224,-0.325603,0.097615,-0.858356,-0.864840,-0.234374,-0.207778,-0.115298,-0.633037,0.043363
2015-07-01,0.081791,0.104558,-0.380543,0.008535,-0.070647,-0.244201,-1.178515,-0.278392,0.139133,-0.756482,-0.834188,-0.506064,-0.468238,-0.128725,-1.056739
2015-08-01,0.372887,0.383206,-0.325048,0.300010,0.438185,0.323051,-0.487022,0.304118,-0.737704,-0.568153,-0.482113,-0.572850,-0.115794,-0.638486,-0.719068
2015-09-01,1.167481,1.336759,-0.866817,1.502985,0.877640,2.218744,0.391105,0.969675,0.190517,0.503884,0.884513,1.161326,0.805851,0.651384,-0.184296
2015-10-01,1.293582,1.646691,-1.450835,1.491273,1.737092,1.955014,-1.099313,-0.719252,-0.124723,0.116953,0.250783,0.724639,0.444741,-0.211364,-1.861622
2015-11-01,0.125367,0.784904,-1.790945,1.111556,0.243621,1.670553,-0.082336,-0.824234,-1.349668,-0.764323,-0.079097,-1.862593,-1.636999,-1.592627,-1.146972
2015-12-01,0.803253,0.987373,-1.131660,-0.256978,0.918226,0.239192,-1.049269,-0.070169,0.568222,0.249322,0.288429,0.214599,0.232804,-0.438375,-0.755491
2016-01-01,0.349689,0.263274,-0.305357,-0.171593,0.027599,-0.609736,-1.428551,-0.753852,0.053433,0.407816,1.026558,0.663069,0.648286,-0.031415,-2.381759
2016-02-01,0.216849,0.823193,-0.252974,0.191299,0.244262,0.406101,-2.070166,-1.216670,1.071523,0.960032,0.828200,0.872759,1.437706,0.284020,-1.284084
2016-03-01,0.660648,0.487196,-1.171475,0.122913,0.954828,0.175409,-1.561272,-1.612651,1.080758,1.024570,1.254403,0.267315,0.822309,0.966427,-1.434044
2016-04-01,1.345816,0.732264,-0.865143,1.558019,1.571789,1.367744,-0.112592,-0.070541,2.518283,2.254179,2.492127,2.254573,2.077092,1.658131,-0.776085
2016-05-01,0.539325,0.509013,-0.888751,0.611649,1.260262,1.241915,-1.304664,-0.058919,1.940188,1.170206,1.968910,0.949013,1.732072,0.713494,-1.398108
2016-06-01,1.195898,1.222486,-1.456209,0.824461,1.106954,1.412713,-0.127308,0.201608,0.541084,1.258132,0.597034,1.138417,1.410490,0.875531,-0.461847
2016-07-01,0.742682,1.164932,-1.279321,0.437881,0.750957,1.476711,0.293580,-0.077247,0.879858,0.750406,0.823566,1.481184,0.478615,1.624894,0.411214
2016-08-01,1.614317,1.070793,-1.302792,0.677609,1.004789,1.398721,0.676135,-0.039016,0.403095,0.512231,0.226244,1.062751,0.376954,0.401558,-0.303161
2016-09-01,0.267985,0.483378,-0.566070,0.329874,0.174857,0.568180,0.799684,0.293851,0.540930,-0.336186,0.351698,-0.195431,-0.382156,-0.165126,0.555450
2016-10-01,1.191992,0.977424,-1.421261,0.785113,0.936593,0.722197,0.043988,0.494711,-0.334726,-0.009494,-1.025576,0.149286,-0.179733,0.261197,0.762354
2016-11-01,1.929954,1.401788,-2.122838,1.448518,2.154958,2.059530,2.290988,2.263151,0.514088,0.202713,0.413569,2.071404,-0.067886,1.404733,1.496444
2016-12-01,1.064777,0.225095,-0.609039,0.411681,-0.058383,0.497671,0.412508,-0.177145,-1.288741,-0.615907,-0.429448,-0.098162,-0.137559,-0.621041,0.521144
2017-01-01,1.487688,1.298229,-2.033073,1.306766,1.195506,1.639526,0.572505,0.154580,0.168076,0.420465,1.053141,0.961104,0.557393,0.167339,0.173077
2017-02-01,1.972421,1.122856,-1.555669,1.207667,1.671802,1.714738,1.593076,0.995329,-0.543043,0.080946,0.038026,0.848850,-0.465993,-0.589501,1.584159
2017-03-01,1.165221,2.138545,-1.022287,1.106125,1.154762,1.068846,1.644905,2.222309,-0.010102,-0.281004,0.834420,0.839147,0.205931,-0.037601,1.521569
2017-04-01,1.418084,0.655673,-0.528298,1.764101,1.104053,0.633877,0.961838,1.003337,0.262847,0.258433,0.557197,1.333370,0.424942,-0.231090,1.084475
2017-05-01,2.152971,2.524924,-1.555854,1.492125,0.893686,1.834068,1.475306,2.509564,1.262914,0.870702,1.336927,1.204273,1.707373,0.711446,1.545019
2017-06-01,1.392649,1.868140,-1.308175,2.098728,1.685576,1.906542,0.907270,1.336009,0.408304,1.175615,0.098176,1.220896,0.834933,1.234488,0.498503
2017-07-01,1.326872,1.339200,-1.426400,1.600669,1.556716,1.418724,1.635270,1.327652,0.875757,1.752107,0.458087,0.706950,1.199985,0.706672,0.908267
2017-08-01,0.303323,0.275103,0.424014,0.644181,0.992839,0.083620,0.175198,-0.433751,1.315497,1.938965,1.718180,1.460976,1.457794,1.230504,0.838069
2017-09-01,0.132063,-0.709231,0.182824,0.216893,-0.323990,0.279314,0.299977,-0.750501,0.600078,0.178600,0.619438,0.296446,0.590327,-0.194773,-0.628863
2017-10-01,0.675300,0.342102,-0.017460,0.139221,0.428926,0.411475,-1.501300,-0.847352,0.026939,0.192974,0.730779,0.180541,0.113684,0.645048,-0.932057
2017-11-01,-0.574140,-0.937002,0.400719,-0.605794,-0.320178,-0.496253,-0.800692,-0.227195,0.081167,0.486532,-0.132285,0.823555,-0.604785,0.810173,-0.006197
2017-12-01,-0.341310,-0.549124,0.879635,-0.735392,-1.164068,-0.126496,-0.453250,-0.374897,-0.355311,-1.119468,-0.497557,-1.166261,-0.811997,-0.720530,-1.066521
2018-01-01,-1.124275,-0.235477,0.736026,-0.727315,-1.020985,-1.371746,-0.133974,-0.791380,-2.315998,-1.724243,-2.441504,-1.513120,-2.764549,-1.404884,-1.017595
2018-02-01,-0.683074,-1.216694,0.445984,-1.031183,-0.931932,-0.920571,0.968123,0.519971,-1.038023,-1.429999,-1.542493,-0.028553,-1.478037,-0.080133,0.478837
2018-03-01,-0.094497,0.332529,0.367676,-0.086464,-0.386367,-0.339178,-0.027932,0.193288,-1.008824,-0.634207,-0.128870,-0.649458,-0.748507,-1.562622,-1.482101
2018-04-01,1.492199,1.384096,-1.677826,1.496242,1.218226,1.564359,0.491841,0.370362,-0.064037,-0.432041,0.138253,-0.066971,-0.511685,-0.287305,-0.006636
2018-05-01,1.270082,1.040698,-1.846732,0.956018,1.339235,0.787990,0.198241,0.835447,-0.420799,-0.657200,0.090893,0.053939,-0.370126,-0.156625,0.158422
2018-06-01,0.555926,0.691940,-0.017343,0.446577,0.562323,0.149351,-0.273089,-0.069331,-0.629405,-0.204972,0.778280,-0.489300,-0.465819,-0.390796,-0.022851
2018-07-01,0.193416,0.592517,-1.126569,-0.773508,-0.209651,0.382642,-0.672483,-1.173051,-0.546626,-0.557152,-1.019295,-1.009861,-1.026544,-0.604543,-0.526689
2018-08-01,-0.160604,-1.295373,-0.214602,-0.705896,-0.518935,-0.415742,-1.342102,-2.220775,0.280471,0.503560,1.245199,-0.572684,0.573493,-0.869208,-2.643942
2018-09-01,0.467734,0.150105,0.006407,-0.293731,0.328405,1.261114,-1.869752,-1.665109,1.038425,0.394190,1.887085,-0.029600,1.462531,-0.183979,-2.524794
2018-10-01,0.280243,-0.294948,0.371188,-0.122722,-1.033878,0.416241,-2.495577,-1.777844,0.498632,-0.101620,0.870950,0.664081,0.951265,-0.003138,-1.763501
2018-11-01,-0.313732,-0.313362,-0.114481,-0.287259,-0.046813,-0.755561,-0.117820,-0.684749,-0.554354,0.248559,-0.218117,-0.092219,-0.237629,-0.287846,-0.413718
2018-12-01,0.463574,-0.417545,-0.565275,0.599316,0.342250,0.196407,-0.254594,-0.104721,0.095349,0.844013,0.627803,0.416539,0.801921,1.005922,1.230820
2019-01-01,-0.823196,-0.034369,0.860394,-0.754676,-0.256113,-0.521937,0.243289,0.670770,0.568567,0.558103,0.059653,-0.449806,0.157278,0.912332,-0.351961
2019-02-01,-1.359581,-1.105477,0.877214,-1.468563,-1.155249,-1.440659,-0.705266,-0.200776,0.144932,0.042223,0.180322,0.481204,0.429777,0.365623,0.071994
2019-03-01,-1.580081,-1.025044,1.488658,-1.375357,-0.540150,-1.291583,0.345552,-0.196092,0.887849,0.984213,0.669603,1.044126,0.367668,0.589075,0.822289
2019-04-01,-1.387065,-1.080321,2.083966,-1.533628,-0.836461,-1.326117,-0.545043,-0.875161,1.654003,1.149157,0.489990,0.795208,0.458017,1.041653,0.130611
2019-05-01,-0.637181,-0.220778,1.337836,-1.125304,-0.604763,-0.385539,-1.271514,-1.067880,1.350560,0.712174,1.378264,0.710300,0.752108,1.474170,0.083638
2019-06-01,-0.325397,-0.603866,0.787394,-0.254394,-0.258028,-0.689768,0.148072,0.425991,0.261637,1.322827,0.171872,0.309865,0.132673,0.585528,-0.538050
2019-07-01,-0.563115,-0.841105,0.647068,-0.132683,-0.118979,-1.448803,1.307723,0.514670,-0.164005,0.251052,0.081888,-0.131568,0.093493,-0.007624,0.487129
2019-08-01,-1.302911,-1.520040,0.910200,-0.802880,-1.006783,-0.800161,-0.843857,-1.238912,-0.640746,-1.370751,-1.252422,-1.716429,-0.434794,-0.526591,-0.657738
2019-09-01,-0.102129,-0.677074,0.469303,-0.470791,-0.219699,-0.778674,0.226591,0.475902,-1.000518,-1.437308,-1.288953,-1.485164,-2.286961,-0.953875,0.540854
2019-10-01,-1.396498,-2.231691,1.546462,-2.460277,-0.906745,-1.867434,0.418335,0.052196,-0.331137,-0.364920,-0.111818,-0.748584,-0.121971,-0.125103,-0.433041
2019-11-01,-2.062811,-1.336702,1.281318,-1.664397,-1.083907,-0.839027,-0.129230,-0.376801,-0.095966,-0.741488,-0.414844,-0.312252,-0.162932,-1.057817,-0.031905
2019-12-01,-1.425020,-1.242179,1.582784,-0.732351,-1.291452,-1.216666,0.417814,-0.103660,1.056075,0.676488,-0.203946,-0.471476,-0.259851,0.853428,0.911147
2020-01-01,-0.391626,-0.776677,1.543295,-1.308863,-1.432336,-0.530595,-0.016010,-0.279632,0.370982,0.378079,0.579824,0.460543,0.315178,0.608151,0.349111
2020-02-01,-1.126988,-0.658311,0.199305,-0.495442,-1.605376,-0.933248,-1.447273,-0.945000,-1.033071,-1.507203,-0.697382,-1.596511,-0.519783,-1.030755,-0.896135
2020-03-01,-0.722635,-0.588884,0.071217,-0.049813,0.139918,-0.832341,-0.349111,-1.564463,-1.017682,-0.822009,-0.949408,-1.448497,-0.255332,-0.672167,-0.612692
2020-04-01,-0.178594,-0.309570,0.502726,-0.410693,-0.960663,0.069297,-1.084861,-1.178840,-0.224832,-0.443196,-0.202476,-0.302819,0.085895,-0.662456,-1.031934
2020-05-01,-0.555754,-0.739803,1.480358,-0.423877,-0.519994,-1.387290,-1.085631,-1.394435,-0.273827,0.057490,0.412091,-0.437005,-0.309920,0.087496,-1.478326
2020-06-01,-0.427534,-0.542526,0.234063,-0.154855,-1.041291,0.176451,-1.088882,-0.645344,-0.858208,-0.645200,-0.902116,-1.011838,-0.728010,-0.999736,0.167900
2020-07-01,0.234082,0.254297,-0.277613,-0.107415,-0.210295,-0.623235,0.543451,0.159528,-0.152701,-0.729344,0.347824,-0.594888,-0.322160,0.115045,0.093960
2020-08-01,0.973410,0.259277,-0.251897,0.700411,0.392373,0.560532,-0.144101,-0.500334,0.114444,0.351362,0.165397,1.186820,0.326464,0.649476,-0.528999
2020-09-01,-0.483695,-0.179790,0.357198,-0.242542,0.225800,0.245152,-0.232468,-0.717597,-0.552494,-0.299643,0.085551,-0.054253,-0.895189,-0.189725,-0.525638
2020-10-01,0.028044,0.578140,-0.086540,0.639695,-0.074835,0.387431,0.387030,0.311468,-0.889254,-0.462630,-0.412182,-0.156447,-0.066294,-0.799997,-0.348295
2020-11-01,-1.207872,-0.006513,0.055535,-0.445749,-0.851825,-0.145649,-2.359791,-1.220316,-0.899069,-0.916502,0.104567,-1.552081,-0.338238,-0.772408,-0.758198
2020-12-01,-1.413626,-1.311504,1.085019,-0.860259,-2.044431,-1.552313,-1.659271,-1.482044,-1.894649,-2.580786,-1.122544,-2.601363,-2.143557,-2.970969,-1.464267
2021-01-01,-0.073794,-0.105289,0.474088,0.171779,0.394182,-1.068359,0.487060,-0.173382,-1.589959,-1.414854,-1.079768,-0.982379,-1.158235,-0.846605,1.230847
2021-02-01,-0.062447,-0.215639,-0.139210,-0.216460,0.493712,-0.312362,-0.355371,-0.282736,-0.697888,-0.905334,-1.020284,-0.006697,-1.168703,-0.830163,-0.048893
2021-03-01,-0.128227,0.625215,-0.958836,0.763593,-0.142747,0.412653,0.494066,0.466858,-0.893939,-0.941638,-0.953664,0.045540,-1.096639,-1.302648,0.067250
2021-04-01,1.653603,1.619543,-2.431457,1.713189,1.767258,1.611343,1.694393,1.719370,-0.525152,-0.412715,0.123161,1.117566,-0.248416,-0.388578,0.299092
2021-05-01,0.928629,1.584052,-0.961402,1.503702,1.306209,1.645178,1.707316,2.293391,-0.215300,-0.340012,0.160694,0.949132,-0.089871,0.207239,1.500167
2021-06-01,1.691285,1.171905,-0.190750,0.741834,1.432792,1.100327,1.721512,1.568888,1.093800,-0.111120,1.069060,1.373917,1.542890,1.308999,1.161938
2021-07-01,0.521639,-0.016570,0.193412,0.375720,1.050625,0.217507,1.664013,1.042701,1.626058,1.515082,1.296790,1.646176,1.227570,2.228276,1.650540
2021-08-01,0.558044,0.110199,-0.727656,0.481769,0.919071,0.255195,0.545648,0.507224,-0.214177,0.176155,-0.542167,0.902615,-0.264882,0.459594,-0.061956
2021-09-01,0.528799,0.494518,-0.030316,-0.157746,0.397161,-0.324291,0.633772,1.101797,0.350235,0.104881,-0.352376,0.623249,0.000571,-0.864972,1.004155
2021-10-01,0.265564,0.708786,-0.686930,-0.961277,0.294612,0.135227,-0.023888,0.244190,0.316458,-0.760485,-0.333620,-0.610884,-1.544276,-0.601316,0.309175
2021-11-01,0.573936,0.612907,-0.408959,0.536315,0.177875,0.702318,0.479747,0.443830,0.277631,0.253825,-0.003924,-0.094457,-0.348752,0.110280,0.355407
2021-12-01,0.781580,1.169521,-0.312721,0.746794,1.310540,0.046820,1.241178,0.753168,0.531936,0.353602,1.046424,0.469880,0.638861,0.411317,0.717715
2022-01-01,-0.150127,-0.483198,0.323358,-0.255360,0.032606,-0.039083,0.764103,0.744679,0.131924,0.898393,-0.053684,0.796831,0.672789,-0.275433,0.621384
2022-02-01,-0.349260,-0.439089,0.557894,-0.432871,-0.624455,-0.258676,-0.189142,-0.481911,0.000441,-0.162638,-1.212801,-0.758640,-0.575710,-0.227855,-1.660922
2022-03-01,1.306038,0.669957,-0.441757,0.922664,1.370377,0.719941,0.683720,0.426694,-0.226070,-0.276558,-0.361002,-0.209902,-0.641664,-0.108700,-0.598724
2022-04-01,0.583011,0.465874,-0.332702,0.236132,1.730229,0.956167,0.316478,0.892468,-0.206203,-0.293739,-0.468513,0.595068,-0.260008,0.633786,1.103801
2022-05-01,0.472656,-0.293870,0.194553,0.219108,-0.189629,-0.352495,0.736044,0.202934,0.319767,-0.193188,-0.393716,-0.151984,0.021019,-0.372537,0.103581
2022-06-01,-0.781723,-0.660559,0.534990,-0.070519,-0.445491,-0.746291,-0.340541,-0.128035,0.140948,0.311949,-0.308568,-0.643501,-0.017966,-0.421847,-0.133334
2022-07-01,-0.137458,-0.375883,0.719898,-1.141496,-0.465692,0.060349,-0.732055,-0.103066,1.210506,1.339334,0.755625,0.491003,1.209936,0.749912,-0.563773
2022-08-01,-0.590098,-0.467274,0.213782,-0.640762,0.018808,-1.367900,0.953270,0.675588,0.208644,0.626889,0.235836,0.851997,0.640113,-0.182287,0.817636
2022-09-01,-0.517986,-0.539269,0.317892,0.113176,-0.017583,-0.579000,-1.146875,-0.785612,1.096837,0.997162,1.374038,0.764619,1.255102,0.876352,-0.994271
2022-10-01,-0.248405,0.013994,0.419926,-0.152925,-0.252751,-0.404038,-0.336371,-0.172281,1.120506,1.234185,0.864081,1.422914,1.146532,1.837416,0.648582
2022-11-01,0.535728,0.088743,-0.994946,-0.174753,0.060608,1.159615,0.892041,1.000125,0.069636,0.474259,1.241706,1.240391,0.761488,1.247340,1.585126
2022-12-01,1.571569,1.605438,-1.448880,2.481957,0.770716,1.799827,0.738583,1.197907,0.409289,0.669080,1.196107,2.565893,1.058790,0.311850,0.250829
2023-01-01,2.072032,1.472391,-2.088610,2.359181,1.732911,2.671815,0.929671,0.761903,1.656303,2.268062,2.248393,2.082092,1.663120,1.607191,0.181961
2023-02-01,0.752427,2.047732,-1.366256,1.534424,1.350931,1.130265,-0.381064,-0.635230,1.946121,0.555148,0.923991,0.870855,1.714139,0.832858,-1.111868
2023-03-01,0.918409,0.781081,-0.523070,0.840584,1.368950,1.435783,-1.126638,-0.054362,0.228066,0.319790,-0.313325,-0.129084,-0.035088,0.288621,-0.576454
2023-04-01,-0.009799,0.577466,-0.123759,0.491477,0.919789,0.729642,0.562863,0.397147,-0.059410,0.019006,0.801957,0.624769,0.369743,0.259706,0.183592
2023-05-01,0.304003,-0.264480,-0.241526,0.122458,-0.076212,0.099719,0.628419,-0.002017,1.057781,0.473207,0.777238,0.992408,0.239198,0.942594,0.209776
2023-06-01,-0.179353,0.037877,0.437677,0.269785,-0.571283,0.075820,-0.644592,-1.039890,1.502972,1.986736,1.089167,0.840214,1.126891,0.558100,-1.270883
2023-07-01,-0.111135,-0.488512,0.707693,-0.066700,0.008711,0.630234,-0.500770,-0.331763,1.119523,1.461579,1.250327,0.953621,1.050734,1.141679,0.157078
2023-08-01,-0.027019,0.065943,-0.259357,0.089132,0.242777,1.775197,-0.215298,-0.664961,2.445889,2.559612,3.014623,1.643123,1.691396,2.516501,-0.489061
2023-09-01,-0.331810,-0.433901,0.362275,-0.066730,-0.419476,-0.048595,-0.639768,-0.541399,1.479606,1.548422,1.710500,1.038595,1.547261,0.443287,-0.348428
2023-10-01,-0.139642,-0.290897,0.562323,-0.821241,-0.367033,0.242137,0.772032,0.124026,2.362398,1.952894,1.612511,1.460102,2.007240,1.998458,1.804061
2023-11-01,-0.905097,-0.620098,0.792495,-1.164986,-0.558054,-0.420072,1.403573,0.071520,0.541591,1.070502,-0.141409,0.632329,0.773909,1.325070,1.058751
2023-12-01,-1.013281,-1.087062,0.958553,-1.501231,-0.629132,-1.184202,-0.021919,-0.401969,1.394375,1.833922,0.315514,-0.117096,0.877886,1.116976,0.673980
