t,x_x,x_y,x_z,y_x_obs,y_z_obs
0,1,1,1,1.60943416,-1.079968212
0.01,1.012567191,1.259917799,0.9848909718,2.513469583,2.866020405
0.02,1.04882371,1.523997131,0.9731142199,-2.853246668,-1.631244794
0.03,1.107208854,1.79830989,0.9651589513,1.362889661,0.3326737666
0.04,1.186868017,2.088540142,0.9617372249,1.153265702,-0.7443506302
0.05,1.287557057,2.400154464,0.9638060638,3.046353007,2.519389935
0.06,1.409570658,2.738545614,0.9726081699,1.541632053,3.227090584
0.07,1.553690062,3.109153968,0.9897311223,2.488708746,-0.7288538035
0.08,1.72114638,3.517569455,1.017186524,2.458647949,-0.9005786778
0.09,1.913596203,3.96961501,1.057511855,3.670496806,0.9576600334
0.1,2.133106543,4.471410648,1.113898918,1.763381816,-0.2479601703
0.11,2.382146258,5.029414949,1.190353727,4.827228935,0.8812947626
0.12,2.66358091,5.650437905,1.2918935,1.806925266,0.5876263987
0.13,2.980667579,6.341615447,1.424786877,4.045285951,2.155675006
0.14,3.337045331,7.110331233,1.596843332,4.162510554,2.458485338
0.15,3.736715794,7.964065219,1.817756522,8.020010996,1.004926489
0.16,4.184006534,8.910140801,2.099503254,3.159521076,0.471957798
0.17,4.683507458,9.955332873,2.456793619,5.915466304,4.714738205
0.18,5.239967325,11.10528811,2.907557028,5.01207241,1.227244074
0.19,5.858133453,12.36369719,3.473430965,4.209171022,4.774616541
0.2,6.542513104,13.73114882,4.180191224,8.029021446,5.266499761
0.21,7.297030108,15.20359151,5.058020856,5.966010693,5.522343502
0.22,8.124546154,16.77034002,6.141457117,8.357917772,6.578834311
0.23,9.026214597,18.41160096,7.468781221,10.76907215,7.915972319
0.24,10.0006389,20.09557648,9.080530966,11.35846603,9.215689105
0.25,11.04282287,21.77535826,11.01674104,11.62106166,12.27931749
0.26,12.14293225,23.38606783,13.31249121,9.228620607,12.67314877
0.27,13.28494453,24.84303577,15.99143936,12.34419922,14.71368366
0.28,14.44535036,26.04219586,19.05733294,13.89506585,22.04721557
0.29,15.59218235,26.86416864,22.48412519,13.86052012,24.4206819
0.3,16.68476348,27.18347314,26.20629733,13.31902393,25.53652727
0.31,17.67463919,26.88360584,30.11213497,18.00014532,31.28457963
0.32,18.50811306,25.87710555,34.04354909,19.93056622,35.63024356
0.33,19.13056847,24.12730309,37.80580894,18.43311833,36.88110536
0.34,19.49230571,21.66603959,41.18855567,21.20825747,40.80594702
0.35,19.55504068,18.60067371,43.99569238,17.00366803,41.72911796
0.36,19.29772266,15.10556107,46.07747481,17.45881808,47.07179629
0.37,18.72021153,11.39797559,47.35566867,19.005063,48.73663937
0.38,17.84377602,7.704258412,47.83395409,16.98927073,48.15103347
0.39,16.70823398,4.225761245,47.59076769,17.95941476,46.97207461
0.4,15.36649854,1.113757572,46.75801525,16.28004901,45.43416336
0.41,13.87791406,-1.541669257,45.49332413,13.15180637,44.72984834
0.42,12.30184767,-3.709143662,43.95398203,9.910168378,44.92792699
0.43,10.6926188,-5.404206381,42.27805674,9.753814115,42.30304497
0.44,9.096259495,-6.673702328,40.57446333,10.05775281,41.46752569
0.45,7.549064835,-7.580828767,38.92079737,8.879835053,38.7238264
0.46,6.077561996,-8.193377576,37.3663547,5.230965372,37.20691828
0.47,4.699411654,-8.575906018,35.9376975,1.324742786,33.04347256
0.48,3.424792838,-8.785421215,34.64478036,0.779393613,32.6502867
0.49,2.257932674,-8.869676409,33.48646646,3.057481128,31.67550835
0.5,1.198564958,-8.867139001,32.4549326,0.4422398498,35.0533892
0.51,0.2432037949,-8.807869144,31.53889123,-0.4693241472,33.01392237
0.52,-0.6138094172,-8.714781679,30.72577736,-2.481044777,30.31490224
0.53,-1.379483645,-8.604970694,30.00312547,-3.279527755,29.32505932
0.54,-2.061555926,-8.490927523,29.35936003,-0.3809396509,25.90471918
0.55,-2.668035905,-8.381580987,28.78418732,-1.799188618,29.25965853
0.56,-3.206883387,-8.283145322,28.26873165,-4.395183298,25.37661594
0.57,-3.685788465,-8.199789975,27.80551797,-3.54152945,26.74653255
0.58,-4.112028738,-8.134157219,27.38836992,-3.646676316,27.43207421
0.59,-4.492383158,-8.087755919,27.01226803,-1.288825376,26.53355677
0.6,-4.833086626,-8.061257551,26.67319525,-6.880081611,27.03174652
0.61,-5.139813265,-8.054716659,26.36798588,-4.699819897,29.08636103
0.62,-5.417679353,-8.067733595,26.09418598,-3.747456861,26.8079281
0.63,-5.671259239,-8.099573544,25.84992892,-2.744653456,23.47240281
0.64,-5.904609409,-8.149252539,25.63382677,-7.184112475,23.78067488
0.65,-6.121297192,-8.215598647,25.44487668,-6.900916799,22.69150439
0.66,-6.324431602,-8.297294494,25.28238055,-5.054129708,24.83793516
0.67,-6.51669459,-8.392905839,25.1458759,-9.458307179,23.11471774
0.68,-6.700371521,-8.500899855,25.035076,-6.073343827,26.71132913
0.69,-6.877380102,-8.619655951,24.94981713,-2.883918319,30.77754206
0.7,-7.049297326,-8.74747148,24.89001143,-6.220478459,22.91093519
0.71,-7.217384227,-8.88256423,24.85560369,-11.48147679,25.39102661
0.72,-7.382608428,-9.023073391,24.84653097,-9.008490619,24.01581645
0.73,-7.545664625,-9.167060445,24.86268419,-8.769858223,24.58110242
0.74,-7.706993245,-9.312511316,24.90387101,-5.575032784,25.21796815
0.75,-7.866797663,-9.457341007,24.96977985,-8.184067338,22.89847235
0.76,-8.025060369,-9.599401807,25.05994492,-11.37442626,24.0873291
0.77,-8.1815586,-9.736496051,25.17371275,-8.289123702,28.70957258
0.78,-8.33587995,-9.866394225,25.31021082,-8.075330907,27.27568984
0.79,-8.487438499,-9.986859009,25.46831915,-9.486029696,23.09843161
0.8,-8.635491999,-10.09567556,25.64664612,-10.56572552,24.19619399
0.81,-8.779160605,-10.19068801,25.8435099,-4.52222114,24.20073654
0.82,-8.917447586,-10.26984172,26.05692694,-7.240469179,24.25107259
0.83,-9.049262322,-10.3312304,26.28460914,-7.186116297,27.05451107
0.84,-9.17344579,-10.37314673,26.52397101,-9.486721585,26.44244595
0.85,-9.288798523,-10.39413455,26.77214817,-10.59837391,27.66429257
0.86,-9.394110866,-10.3930403,27.02602781,-10.30407783,24.57481629
0.87,-9.48819511,-10.3690611,27.28229147,-12.04407026,27.62746731
0.88,-9.569918852,-10.32178657,27.53746956,-6.411736339,27.85745279
0.89,-9.638238747,-10.25123136,27.78800654,-9.875515399,28.35965882
0.9,-9.692233589,-10.15785603,28.03033466,-7.080230105,28.46909966
0.91,-9.731135568,-10.04257381,28.26095351,-10.55299003,30.47353093
0.92,-9.754358454,-9.906741831,28.47651212,-8.896845577,31.5480241
0.93,-9.761521485,-9.752136336,28.6738896,-9.39505261,26.22495153
0.94,-9.752467856,-9.580912098,28.85027067,-12.48878625,32.15212653
0.95,-9.727276884,-9.395547647,29.00321218,-6.279945442,28.64417375
0.96,-9.686269208,-9.198778668,29.13069731,-10.45264385,32.05358589
0.97,-9.630004711,-8.993522825,29.23117496,-11.84409608,27.44172093
0.98,-9.559273225,-8.782799803,29.30358283,-8.272619636,28.51437259
0.99,-9.475078444,-8.569650591,29.34735342,-9.485322177,29.02046763
1,-9.378615807,-8.357059955,29.36240375,-8.70346671,32.17736747
1.01,-9.271245414,-8.147885652,29.34911016,-9.0900756,30.63698775
1.02,-9.154461224,-7.944797299,29.30827057,-13.25480543,29.21083377
1.03,-9.029857925,-7.750226982,29.24105703,-10.71631847,26.80343091
1.04,-8.899096878,-7.566332799,29.14896168,-10.65540161,28.4807148
1.05,-8.76387247,-7.394975636,29.03373941,-6.932067385,26.38095397
1.06,-8.625880083,-7.237708655,28.89734998,-8.564617097,27.92901111
1.07,-8.486786678,-7.095778324,28.7419023,-9.142132867,30.74741795
1.08,-8.348204775,-6.970135328,28.5696029,-7.271973901,31.24439911
1.09,-8.211670338,-6.861453387,28.38270994,-8.520681696,26.99082472
1.1,-8.078624858,-6.77015392,28.18349393,-8.526342492,28.66848751
1.11,-7.950401693,-6.69643449,27.97420525,-7.597254976,25.80542911
1.12,-7.828216509,-6.64029915,27.75704875,-7.647236946,28.21350541
1.13,-7.713161551,-6.601589041,27.53416484,-2.678213476,31.28785406
1.14,-7.606203327,-6.580011848,27.30761653,-9.312690028,26.73284981
1.15,-7.508183206,-6.575169081,27.07938167,-10.43506721,25.89796764
1.16,-7.419820432,-6.586580371,26.85134944,-6.788610425,29.26305668
1.17,-7.341716985,-6.613704295,26.6253204,-8.799884661,25.31702752
1.18,-7.27436379,-6.655955428,26.40300903,-11.56894185,26.07767719
1.19,-7.21814776,-6.712717555,26.18604817,-9.342976583,25.12716932
1.2,-7.173359257,-6.783353078,25.9759946,-8.927080813,25.78746949
1.21,-7.140199548,-6.867208805,25.77433512,-10.65565633,22.84024463
1.22,-7.118787943,-6.963618352,25.58249264,-2.860293719,23.00764748
1.23,-7.10916833,-7.071901467,25.40183181,-9.302739487,29.07565887
1.24,-7.111314885,-7.191360605,25.23366372,-1.301180546,22.89053046
1.25,-7.125136799,-7.321275098,25.07924945,-7.861634712,25.76236055
1.26,-7.150481893,-7.460893294,24.93980206,-3.693086604,22.96608791
1.27,-7.187139064,-7.609423037,24.81648678,-7.677694756,26.37116193
1.28,-7.234839522,-7.766020879,24.71041906,-6.365307373,23.95810692
1.29,-7.293256841,-7.92978044,24.62266045,-7.56090277,21.87286883
1.3,-7.362005875,-8.099720364,24.55421178,-7.838353363,24.0214368
1.31,-7.440640627,-8.274772351,24.50600379,-6.976300848,23.39534935
1.32,-7.528651214,-8.453769814,24.47888474,-6.585574168,26.50431638
1.33,-7.625460085,-8.635437752,24.4736052,-7.31460143,25.17711802
1.34,-7.730417734,-8.818384507,24.49079974,-7.624107039,24.49096853
1.35,-7.842798145,-9.001096137,24.53096583,-9.285914212,25.16395435
1.36,-7.961794301,-9.181934188,24.59443997,-8.156367498,28.78077659
1.37,-8.0865141,-9.359137698,24.68137168,-4.939804295,25.45306478
1.38,-8.215977097,-9.530830257,24.79169563,-9.742091517,22.56687269
1.39,-8.349112496,-9.695032944,24.92510309,-5.96682659,25.45060154
1.4,-8.484758884,-9.849683832,25.08101342,-7.524472077,21.59184145
1.41,-8.621666186,-9.992664638,25.25854721,-6.766789223,26.16738789
1.42,-8.75850033,-10.12183479,25.45650248,-10.9793617,24.51345286
1.43,-8.893851063,-10.23507289,25.67333571,-8.366416655,25.7782693
1.44,-9.026243324,-10.33032518,25.90714979,-9.610585695,25.70017325
1.45,-9.154152428,-10.40565992,26.1556906,-9.658107185,26.46081562
1.46,-9.27602323,-10.45932628,26.41635425,-6.333039284,21.28303737
1.47,-9.390293191,-10.48981566,26.68620648,-9.86399372,27.03923132
1.48,-9.495419102,-10.49592277,26.96201539,-8.903431122,26.21818623
1.49,-9.589906939,-10.47680336,27.24029803,-13.1033505,27.896289
1.5,-9.672344085,-10.43202539,27.51738051,-6.217643657,24.4496577
1.51,-9.741432889,-10.36161014,27.78947051,-8.013776862,27.13242007
1.52,-9.796024324,-10.26606,28.05274006,-9.918673016,25.94694304
1.53,-9.83515034,-10.14637036,28.30341545,-10.50406268,30.90350464
1.54,-9.858053417,-10.00402369,28.53787055,-8.692742933,32.00249376
1.55,-9.86421183,-9.840964786,28.75271907,-7.509388052,29.63089243
1.56,-9.853359269,-9.659557694,28.9449013,-6.365490217,29.82288762
1.57,-9.825497652,-9.462525838,29.11176069,-8.169521298,28.51861878
1.58,-9.780902323,-9.25287808,29.25110662,-9.647810691,27.85625897
1.59,-9.720119185,-9.033824525,29.36126004,-7.740951316,27.00465279
1.6,-9.643953777,-8.80868649,29.44108025,-8.079253092,29.05977813
1.61,-9.553452733,-8.580805396,29.48997206,-7.210958546,30.99171004
1.62,-9.449878469,-8.353455237,29.50787402,-5.808586153,30.9694234
1.63,-9.334678301,-8.129762834,29.49522939,-12.47875881,29.36132304
1.64,-9.209449428,-7.912639289,29.45294281,-11.55346381,28.41638313
1.65,-9.07590137,-7.704725081,29.38232588,-6.053444503,30.6573935
1.66,-8.935817472,-7.508350161,29.28503539,-10.33367833,27.25760066
1.67,-8.79101702,-7.325509321,29.16300807,-8.725452834,26.72988777
1.68,-8.64331933,-7.157852181,29.01839515,-9.985599884,29.64241409
1.69,-8.49451095,-7.006686328,28.85349969,-6.183886878,30.07102263
1.7,-8.346316846,-6.872991596,28.67071916,-12.92889586,29.27945262
1.71,-8.200376126,-6.757443165,28.47249471,-8.05630898,29.30027529
1.72,-8.058222602,-6.660441014,28.26126828,-4.825803239,24.13479172
1.73,-7.921270219,-6.582143344,28.03944773,-9.103477069,29.22126037
1.74,-7.790803148,-6.522501818,27.80938014,-10.95399195,30.76127824
1.75,-7.667970192,-6.481296719,27.57333247,-6.931256967,29.26650044
1.76,-7.553782999,-6.458170516,27.33347893,-8.695670322,28.96100631
1.77,-7.449117514,-6.452658669,27.09189418,-5.312174402,27.55765022
1.78,-7.354718059,-6.464216844,26.85055119,-6.885916273,27.39123767
1.79,-7.271203415,-6.492244036,26.61132287,-8.997893944,26.31626551
1.8,-7.19907432,-6.536101331,26.37598647,-7.504119385,27.1427742
1.81,-7.138721826,-6.59512627,26.14622985,-5.139073332,24.02915769
1.82,-7.090436013,-6.668642927,25.92365896,-7.340454074,28.88657006
1.83,-7.054414641,-6.755967923,25.70980571,-8.541591099,24.06530568
1.84,-7.030771364,-6.856412694,25.50613576,-6.62615898,27.19490614
1.85,-7.019543209,-6.969282347,25.31405576,-6.996691098,27.97197694
1.86,-7.02069709,-7.093871486,25.13491954,-5.307109125,26.81855968
1.87,-7.034135166,-7.229457405,24.97003302,-5.925902163,29.62533922
1.88,-7.059698937,-7.375291016,24.82065733,-7.470022314,20.81361274
1.89,-7.097171989,-7.530585935,24.68801004,-3.888663266,23.77261118
1.9,-7.14628137,-7.694506107,24.57326417,-6.930520481,27.19236554
1.91,-7.206697597,-7.866152403,24.4775446,-10.41121668,21.97425018
1.92,-7.278033365,-8.04454865,24.40192181,-10.48058924,22.81364923
1.93,-7.359841034,-8.228627575,24.34740261,-6.480567822,25.39577829
1.94,-7.451609039,-8.417217229,24.31491767,-6.89906068,21.4893859
1.95,-7.552757394,-8.60902851,24.3053058,-12.17296427,24.41401297
1.96,-7.662632527,-8.802644498,24.31929476,-8.606184595,25.2380663
1.97,-7.780501702,-8.996512378,24.3574787,-6.376594449,24.63396156
1.98,-7.905547362,-9.188938834,24.42029244,-6.385281191,24.87871519
1.99,-8.036861789,-9.378089829,24.50798283,-6.976732378,23.0986363
2,-8.17344249,-9.561995764,24.62057782,-8.532665318,25.01413001
2.01,-8.314188819,-9.738562951,24.75785405,-6.673131868,23.9703717
2.02,-8.457900351,-9.90559232,24.91930403,-7.415565839,24.38762645
2.03,-8.603277577,-10.06080608,25.10410438,-8.838361911,26.76314247
2.04,-8.74892547,-10.20188286,25.31108676,-12.73504621,22.7181421
2.05,-8.893360478,-10.32650145,25.53871356,-11.85773127,20.87148132
2.06,-9.035021417,-10.43239286,25.78506058,-10.3915503,27.28392838
2.07,-9.172284653,-10.5173998,26.04780878,-9.742052786,26.44338894
2.08,-9.303483799,-10.57954205,26.32424765,-7.125048805,28.97961992
2.09,-9.426933954,-10.61708557,26.61129199,-9.565209823,29.31846377
2.1,-9.540960281,-10.62861235,26.90551367,-9.356706964,25.23071722
2.11,-9.643930415,-10.61308769,27.20318935,-10.83273112,24.24211632
2.12,-9.734289902,-10.56992097,27.50036408,-11.51055761,26.7843307
2.13,-9.810599574,-10.49901582,27.79292966,-8.203429535,31.23446932
2.14,-9.871573468,-10.40080591,28.07671565,-12.6359365,28.86237058
2.15,-9.916115716,-10.27627299,28.3475896,-11.99720359,29.29698377
2.16,-9.94335466,-10.12694452,28.60156228,-10.20552796,24.93975062
2.17,-9.952672474,-9.954869863,28.83489275,-8.096078491,27.62489133
2.18,-9.943728632,-9.7625748,29.04418803,-11.01152911,26.90468321
2.19,-9.916475854,-9.552996293,29.22649185,-11.22504241,30.08227273
2.2,-9.871167473,-9.329400329,29.37935799,-10.24965615,30.036682
2.21,-9.808355633,-9.095287254,29.50090425,-9.084511925,32.14222756
2.22,-9.728880263,-8.854289723,29.58984467,-10.41445256,26.63612903
2.23,-9.633849245,-8.610068884,29.64549906,-7.499404412,28.98252272
2.24,-9.524610742,-8.366214332,29.66778055,-7.295425853,30.43453478
2.25,-9.402719015,-8.126152842,29.65716298,-9.664994075,30.35471477
2.26,-9.269895415,-7.893069991,29.61463159,-5.367870295,33.76859264
2.27,-9.127986365,-7.66984759,29.54162087,-8.989224094,29.86200205
2.28,-8.978920227,-7.459018541,29.439944,-6.826439913,27.74862193
2.29,-8.824664842,-7.262739464,29.31171831,-8.158524097,29.25999261
2.3,-8.667187324,-7.082780252,29.15929076,-8.039370902,27.49255315
2.31,-8.508417455,-6.920528832,28.98516702,-11.68755244,24.83920015
2.32,-8.350215637,-6.777008702,28.79194669,-10.58498386,27.87459612
2.33,-8.194346088,-6.652906473,28.58226664,-8.780729262,32.45672897
2.34,-8.04245556,-6.548606517,28.35875357,-5.83046882,26.43457133
2.35,-7.89605762,-6.464229933,28.12398595,-7.200640715,27.30982947
2.36,-7.756522235,-6.399675306,27.88046538,-8.325249911,28.25111668
2.37,-7.62507023,-6.354659109,27.63059646,-6.386727996,26.9520795
2.38,-7.502772023,-6.328754024,27.3766743,-5.375068958,25.09279785
2.39,-7.390549977,-6.32142389,27.12087847,-7.377871852,32.31622593
2.4,-7.289183652,-6.332054391,26.86527232,-6.843024167,29.73170133
2.41,-7.199317252,-6.359978955,26.61180621,-7.016276895,27.7733604
2.42,-7.121468577,-6.404499634,26.36232396,-7.235034966,26.0215088
2.43,-7.05603888,-6.464902958,26.11857107,-8.615003673,26.97917379
2.44,-7.003323044,-6.540470962,25.88220428,-8.706397422,27.21337476
2.45,-6.96351963,-6.630487648,25.65480146,-4.792945621,26.38786428
2.46,-6.936740371,-6.734241283,25.43787133,-7.509237838,26.34580249
2.47,-6.923018794,-6.851022922,25.23286254,-7.540364905,27.10395679
2.48,-6.922317727,-6.980121591,25.04117154,-10.5851299,24.36995681
2.49,-6.934535473,-7.120816557,24.8641491,-10.91615946,21.87402744
2.5,-6.959510552,-7.272367097,24.70310488,-4.231786092,26.49347485
2.51,-6.997024901,-7.434000181,24.55931001,-8.435985367,21.5543031
2.52,-7.046805524,-7.604896492,24.43399718,-12.9758632,23.34700617
2.53,-7.108524585,-7.784175197,24.32835813,-2.26769456,25.19812668
2.54,-7.181797999,-7.970877923,24.24353815,-8.300942571,25.17369857
2.55,-7.266182622,-8.163952439,24.18062732,-10.38809933,23.5859806
2.56,-7.361172153,-8.3622366,24.1406484,-7.162217207,23.9684471
2.57,-7.466191945,-8.564443184,24.12454088,-5.884579702,24.81383133
2.58,-7.580592933,-8.769146366,24.13314128,-6.243940897,22.75639672
2.59,-7.703644972,-8.974770654,24.16715958,-5.908014155,27.42503347
2.6,-7.834529901,-9.179583231,24.22715173,-9.77482894,22.45176042
2.61,-7.972334761,-9.381690744,24.3134887,-5.300766088,23.93080073
2.62,-8.116045598,-9.579041644,24.42632241,-5.308402814,23.54125099
2.63,-8.264542403,-9.769435223,24.56554937,-5.35445125,24.828521
2.64,-8.416595753,-9.950538444,24.7307731,-7.900138106,27.86020914
2.65,-8.570865804,-10.11991156,24.92126685,-9.294406759,23.03902266
2.66,-8.725904261,-10.27504327,25.13593838,-9.623032677,26.04060628
2.67,-8.880159995,-10.41339585,25.37329898,-12.01167814,26.64824079
2.68,-9.031988899,-10.53246012,25.63143935,-10.10953153,27.92706467
2.69,-9.179668487,-10.62981965,25.90801475,-13.9681891,24.3348832
2.7,-9.321417603,-10.70322262,26.20024243,-12.6943539,24.5477835
2.71,-9.455421385,-10.75065929,26.50491363,-8.960089583,26.14646038
2.72,-9.579861364,-10.77044178,26.8184224,-10.0866165,26.50005266
2.73,-9.692950257,-10.7612825,27.1368125,-9.286173776,25.11974042
2.74,-9.792970669,-10.72236675,27.45584297,-8.379271388,28.78117491
2.75,-9.878316547,-10.65341473,27.77107141,-9.108240672,28.8841383
2.76,-9.947535885,-10.55472825,28.07795296,-9.354699883,32.14809957
2.77,-9.999372895,-10.42721795,28.37195139,-10.17356124,27.75778496
2.78,-10.03280768,-10.27240761,28.64865756,-11.53986284,26.58413222
2.79,-10.04709133,-10.09241366,28.90390949,-12.5360349,27.12631487
2.8,-10.04177453,-9.889899389,29.13390767,-10.18313529,29.80249792
2.81,-10.01672788,-9.668005443,29.33531929,-9.914443767,27.80424874
2.82,-9.972152718,-9.430259729,29.50536561,-8.171783589,30.98419095
2.83,-9.908581407,-9.180471618,29.6418875,-10.22787802,28.33605521
2.84,-9.826867144,-8.922616382,29.74338626,-8.730011303,30.11933344
2.85,-9.728163441,-8.660716468,29.80903802,-12.62441796,29.6730775
2.86,-9.613894416,-8.398726246,29.8386822,-9.089822792,28.03929263
2.87,-9.48571735,-8.140426304,29.8327865,-9.106030565,26.92314153
2.88,-9.345479425,-7.889332322,29.7923917,-6.673107225,32.28829167
2.89,-9.195170758,-7.648622136,29.71904134,-9.700205426,30.44595002
2.9,-9.036875935,-7.421083068,29.61470121,-13.85671987,27.30200589
2.91,-8.872726156,-7.209079996,29.4816741,-9.460283996,27.33740806
2.92,-8.70485386,-7.014543256,29.32251451,-7.276060895,33.31710757
2.93,-8.5353514,-6.838974312,29.13994758,-10.88858084,27.46502077
2.94,-8.366234935,-6.683466363,28.93679533,-7.895338198,32.15902763
2.95,-8.19941431,-6.54873654,28.71591248,-10.64416293,29.21398472
2.96,-8.036669286,-6.435166306,28.48013306,-4.394071585,25.17661477
2.97,-7.879632142,-6.342846713,28.23222819,-10.44177056,27.38501497
2.98,-7.729776348,-6.271625588,27.97487461,-8.770953174,29.60007718
2.99,-7.5884108,-6.221154122,27.71063327,-7.105091361,24.16070915
3,-7.456678927,-6.190930886,27.44193657,-6.425858121,26.28685879
3.01,-7.335561879,-6.18034181,27.17108304,-4.786667446,25.91590797
3.02,-7.225884991,-6.188695146,26.90023794,-8.499115557,27.98250116
3.03,-7.128326677,-6.215250845,26.63143837,-5.602473712,27.5276371
3.04,-7.043429012,-6.259244162,26.36660177,-10.41462365,27.44267065
3.05,-6.971609257,-6.319903511,26.10753642,-9.04022536,26.57808864
3.06,-6.913171731,-6.396462842,25.85595332,-9.760640602,26.74859762
3.07,-6.868319474,-6.488168902,25.61347835,-8.481517282,23.04820905
3.08,-6.837165263,-6.594283826,25.38166419,-5.40952499,25.86495323
3.09,-6.819741623,-6.714083548,25.16200154,-8.047695226,28.06435923
3.1,-6.816009545,-6.84685251,24.955929,-7.697314389,25.02014434
3.11,-6.825865717,-6.991875138,24.76484144,-6.288038822,23.52550957
3.12,-6.849148115,-7.148424552,24.59009642,-5.906875528,23.52319173
3.13,-6.88563987,-7.315748921,24.43301836,-7.708916514,27.15830364
3.14,-6.935071376,-7.4930559,24.29490023,-9.016243481,19.46933957
3.15,-6.997120638,-7.679495566,24.17700241,-3.775246648,29.27565832
3.16,-7.071411904,-7.87414229,24.08054842,-7.881950434,20.20687234
3.17,-7.157512677,-8.075976024,24.00671725,-7.778480629,23.43427135
3.18,-7.254929221,-8.283863563,23.95663191,-7.634776903,21.72985582
3.19,-7.363100735,-8.496540398,23.931344,-6.20397845,24.98035875
3.2,-7.48139241,-8.712593895,23.93181401,-10.47020365,25.33020747
3.21,-7.609087651,-8.930448686,23.95888713,-3.503717687,24.3028078
3.22,-7.745379789,-9.148355233,24.0132647,-8.420030113,23.72925827
3.23,-7.889363697,-9.364382725,24.09547118,-6.658850163,20.63412797
3.24,-8.040027783,-9.576417536,24.20581731,-7.711246377,23.42488941
3.25,-8.196246925,-9.782168561,24.34435983,-4.500596899,23.99601436
3.26,-8.35677697,-9.979180784,24.51085905,-5.021001748,22.30337765
3.27,-8.5202515,-10.16485835,24.70473549,-7.345733166,25.34353601
3.28,-8.685181604,-10.33649821,24.92502765,-10.4232761,25.27981987
3.29,-8.849959419,-10.49133515,25.17035311,-6.424921746,24.5227697
3.3,-9.012866183,-10.62659836,25.43887582,-12.39679148,25.40375016
3.31,-9.172085452,-10.73957938,25.72828249,-10.97693164,25.04360061
3.32,-9.325722029,-10.82770997,26.0357715,-9.488897569,22.62446707
3.33,-9.471826897,-10.88864791,26.35805731,-12.70314358,27.32219098
3.34,-9.60842821,-10.9203676,26.69139323,-10.6538656,21.56190455
3.35,-9.733568023,-10.92125124,27.03161471,-8.16387995,27.57635422
3.36,-9.845344033,-10.89017571,27.37420419,-11.27309368,24.74054377
3.37,-9.941955187,-10.82658962,27.71437733,-8.270339394,28.41307858
3.38,-10.02174957,-10.73057477,28.04718874,-5.256545005,28.88756593
3.39,-10.08327263,-10.60288681,28.36765369,-9.307866343,28.03379783
3.4,-10.12531345,-10.44497053,28.67088086,-8.491761714,29.92105127
3.41,-10.14694678,-10.25894664,28.95220943,-7.643496759,27.9095636
3.42,-10.1475683,-10.04756917,29.20734332,-11.01838324,28.24913698
3.43,-10.12692114,-9.814154043,29.43247489,-8.545317701,32.42922377
3.44,-10.0851118,-9.562482426,29.62439082,-11.00279278,28.77484336
3.45,-10.02261428,-9.296683734,29.78055421,-9.394459829,29.28903121
3.46,-9.940262055,-9.021105293,29.89915829,-8.036154748,25.39560371
3.47,-9.839228036,-8.74017631,29.97914966,-11.49263813,28.41431699
3.48,-9.720993523,-8.458274144,30.02022092,-14.36170555,28.09294403
3.49,-9.587307838,-8.179600352,30.022775,-11.41762007,29.6205657
3.5,-9.440140718,-7.908072783,29.98786527,-7.214208934,29.49774397
3.51,-9.281629945,-7.64723841,29.91711674,-11.34325739,29.80320766
3.52,-9.114026792,-7.400209646,29.81263472,-7.01567955,27.86071709
3.53,-8.939641775,-7.169625009,29.67690708,-10.76079154,30.794005
3.54,-8.760792968,-6.957633235,29.51270607,-9.203865199,30.80767545
3.55,-8.579758774,-6.765898507,29.3229947,-8.607052358,30.72632199
3.56,-8.398736579,-6.595623465,29.11084159,-10.46889281,29.08667229
3.57,-8.219808225,-6.447586065,28.87934708,-8.641188254,26.44756523
3.58,-8.044912788,-6.3221862,28.63158194,-11.17186868,30.00308001
3.59,-7.875826691,-6.219498127,28.37053927,-8.577731456,26.32597871
3.6,-7.714150834,-6.139325169,28.09909908,-7.906508708,30.35513679
3.61,-7.56130414,-6.08125372,27.82000453,-12.12277983,24.82672715
3.62,-7.418522732,-6.044704205,27.53584847,-9.264295616,30.4582062
3.63,-7.286863806,-6.028977297,27.24906835,-6.72168984,28.78370283
3.64,-7.167213268,-6.033294264,26.96194812,-9.447535106,24.72287637
3.65,-7.060296167,-6.056830829,26.67662522,-6.164668734,26.79317388
3.66,-6.966689037,-6.098744348,26.39510124,-5.869211399,26.01975926
3.67,-6.886833328,-6.158194404,26.11925508,-6.330545875,26.43549325
3.68,-6.821049214,-6.234357135,25.8508573,-5.265514436,27.46487386
3.69,-6.769549171,-6.32643379,25.59158492,-10.00929316,21.09704781
3.7,-6.732450808,-6.433654023,25.34303594,-4.728960013,27.71848613
3.71,-6.709788571,-6.555274516,25.10674294,-8.75103461,21.38707212
3.72,-6.701523991,-6.690573474,24.88418536,-6.503454349,26.74586181
3.73,-6.707554259,-6.838841549,24.67680013,-3.112365214,25.70939528
3.74,-6.727718966,-6.999369649,24.48599023,-7.471152359,22.69972898
3.75,-6.761804912,-7.171434129,24.31313091,-6.738902329,23.7146015
3.76,-6.809548938,-7.354279756,24.15957341,-8.839684749,28.25708471
3.77,-6.870638771,-7.547100886,24.02664565,-3.300301967,26.29874302
3.78,-6.94471194,-7.749021259,23.91564979,-8.786412735,25.62568844
3.79,-7.03135281,-7.959072875,23.82785614,-5.752099991,24.71294738
3.8,-7.130087874,-8.176174448,23.76449314,-4.63075734,25.03523543
3.81,-7.24037944,-8.39911006,23.72673314,-5.760350967,25.00054571
3.82,-7.361617929,-8.626508698,23.71567336,-6.680035113,20.1484511
3.83,-7.493113035,-8.856825567,23.73231206,-7.32587088,22.61992814
3.84,-7.634084069,-9.088326167,23.77751953,-10.19376598,27.14115276
3.85,-7.783649898,-9.319074339,23.8520039,-4.325659216,26.5704451
3.86,-7.94081894,-9.546925624,23.95627207,-7.430392106,26.65752231
3.87,-8.104479803,-9.769527435,24.09058607,-8.080373442,24.49618062
3.88,-8.273393218,-9.984327625,24.25491588,-10.46033596,25.04889848
3.89,-8.446186035,-10.18859302,24.44888997,-8.325414178,21.84358573
3.9,-8.621348087,-10.37943944,24.6717454,-8.72374231,24.51228628
3.91,-8.797232818,-10.55387435,24.92227989,-5.202110485,26.71070655
3.92,-8.972062563,-10.70885297,25.1988087,-8.949171685,25.69638332
3.93,-9.14393931,-10.84134792,25.49912995,-9.055514554,25.09330198
3.94,-9.310861704,-10.94843167,25.82050179,-11.4757161,25.51839803
3.95,-9.470748826,-11.02736994,26.15963565,-10.96294534,23.65900457
3.96,-9.621471008,-11.07572307,26.51270887,-8.599027379,27.29523819
3.97,-9.760887586,-11.09145116,26.87540006,-13.33430261,26.63003079
3.98,-9.886891031,-11.07301754,27.24294917,-7.895488259,29.36139665
3.99,-9.997456401,-11.01948441,27.61024285,-7.945782716,27.68806926
4,-10.09069453,-10.93059375,27.97192419,-11.78078518,25.80452653
4.01,-10.16490686,-10.80682685,28.32252355,-9.475697053,29.08108362
4.02,-10.21863948,-10.64943659,28.65660536,-7.643977258,30.85656466
4.03,-10.25073352,-10.46044772,28.96892396,-10.51519084,26.4805122
4.04,-10.26036918,-10.24262273,29.25457996,-10.89858237,29.68904235
4.05,-10.24710059,-9.99939334,29.50916813,-10.65126708,28.35337992
4.06,-10.21087932,-9.734760206,29.72890779,-9.705109692,28.72099231
4.07,-10.15206475,-9.453166243,29.91074775,-11.40819692,30.53365342
4.08,-10.07142041,-9.159351007,30.0524397,-10.87540557,30.54064848
4.09,-9.970096267,-8.85819515,30.15257633,-9.423688222,27.87371833
4.1,-9.849597802,-8.554564493,30.21059325,-10.81208005,33.08614713
4.11,-9.711743557,-8.253162999,30.22673662,-12.03590258,25.99342772
4.12,-9.558613481,-7.958402668,30.20200071,-13.28230379,30.2602206
4.13,-9.392490891,-7.674296578,30.13804159,-9.330656335,29.90281988
4.14,-9.215801073,-7.404378994,30.03707424,-6.787421415,24.69140537
4.15,-9.031049499,-7.151654127,29.90176052,-8.23918175,33.02463692
4.16,-8.840762417,-6.918572877,29.7350955,-11.09632395,28.97548248
4.17,-8.647432138,-6.707035101,29.54029822,-10.15321597,27.75160613
4.18,-8.453468836,-6.518413552,29.32071182,-9.105992846,32.17568239
4.19,-8.261160064,-6.353594876,29.07971671,-4.586386713,28.40783826
4.2,-8.072638661,-6.213032724,28.82065852,-4.262518232,28.89181147
4.21,-7.889859154,-6.096808237,28.54679163,-4.382477101,28.36019433
4.22,-7.714582343,-6.004693585,28.2612378,-7.452466691,28.99218675
4.23,-7.548367394,-5.93621495,27.96695865,-1.190660035,29.6695298
4.24,-7.392570541,-5.890712101,27.66674026,-8.807099601,29.604736
4.25,-7.24834932,-5.867392505,27.36318792,-7.972014395,26.38368756
4.26,-7.116671238,-5.86537862,27.05872886,-5.299468518,27.12090004
4.27,-6.998325746,-5.883747647,26.75562108,-6.441173917,26.78359152
4.28,-6.893938489,-5.921563523,26.45596643,-6.220772236,27.30589823
4.29,-6.803986868,-5.977901302,26.16172652,-10.67792073,27.49487186
4.3,-6.728816095,-6.051864334,25.87473998,-8.692854934,22.99014171
4.31,-6.66865502,-6.142594827,25.5967403,-6.785477508,25.76470231
4.32,-6.623631176,-6.24927845,25.32937327,-8.010643505,26.99143698
4.33,-6.593784558,-6.371143646,25.07421343,-9.278134891,24.26032593
4.34,-6.579079804,-6.507456331,24.83277919,-7.748828074,24.73960465
4.35,-6.579416508,-6.657510571,24.60654607,-6.021687938,22.59076017
4.36,-6.594637499,-6.820615808,24.39695786,-5.146072144,24.5229626
4.37,-6.624534966,-6.996081119,24.20543541,-10.40842747,20.28825253
4.38,-6.668854376,-7.183196937,24.03338277,-6.693492961,23.59144813
4.39,-6.727296172,-7.381214665,23.88219033,-6.934136399,23.82622542
4.4,-6.799515291,-7.589324553,23.75323479,-6.348395612,25.64853401
4.41,-6.885118548,-7.806632263,23.64787537,-9.10732835,21.30393219
4.42,-6.983659991,-8.03213457,23.56744606,-9.170307707,24.1452794
4.43,-7.094634376,-8.264694739,23.51324334,-4.604739619,22.65056447
4.44,-7.21746892,-8.503018237,23.48650903,-12.22086861,20.07852331
4.45,-7.351513578,-8.745629581,23.48840773,-9.017587024,22.37294995
4.46,-7.496030142,-8.990851323,23.51999858,-8.312807396,23.59716083
4.47,-7.650180519,-9.236786347,23.58220112,-8.27367318,25.68088034
4.48,-7.813014663,-9.481304917,23.67575506,-9.165049274,21.95111914
4.49,-7.983458718,-9.722038072,23.8011744,-7.025707641,20.72989026
4.5,-8.160304034,-9.956379176,23.95869633,-7.380920623,24.1638027
4.51,-8.342197851,-10.18149552,24.14822613,-8.637082831,27.32477834
4.52,-8.527636541,-10.39435189,24.3692796,-9.772051431,28.48987594
4.53,-8.714962373,-10.59174778,24.62092541,-9.165825272,22.06689252
4.54,-8.902364866,-10.77036977,24.9017303,-8.762525704,22.7492399
4.55,-9.087887744,-10.92685969,25.20971074,-10.59139944,26.00377734
4.56,-9.2694425,-11.05789871,25.54229525,-8.158278323,24.29795985
4.57,-9.44482939,-11.16030601,25.896302,-7.4700191,28.21131751
4.58,-9.611766428,-11.23114967,26.26793614,-6.739162915,27.32676296
4.59,-9.767926615,-11.26786559,26.65281138,-7.04106919,22.89121452
4.6,-9.910983108,-11.2683792,27.04599893,-10.54679621,25.31198842
4.61,-10.03866154,-11.23122289,27.44210618,-9.800209821,26.29920774
4.62,-10.14879802,-11.15564141,27.83538492,-10.4811137,31.59973469
4.63,-10.2394007,-11.04167712,28.21986727,-10.57884029,29.0474519
4.64,-10.30871235,-10.89022712,28.58952435,-10.77325101,28.74095092
4.65,-10.35527074,-10.70306571,28.93844081,-10.34323738,29.83508894
4.66,-10.37796354,-10.48282749,29.26099585,-8.047348468,32.55578385
4.67,-10.37607443,-10.2329495,29.55204013,-9.756834267,30.7311339
4.68,-10.34931735,-9.957573656,29.80705766,-12.65104637,29.63130418
4.69,-10.29785649,-9.66141447,30.02230217,-8.417277557,31.75423945
4.7,-10.22231037,-9.349599724,30.19489942,-9.799090906,31.96768734
4.71,-10.12373956,-9.02749426,30.32290951,-9.142206137,32.72352202
4.72,-10.0036183,-8.700518249,30.40534652,-9.424899987,29.69394989
4.73,-9.86379189,-8.373971412,30.44215632,-9.192109376,24.58096757
4.74,-9.706421971,-8.052873653,30.43415645,-8.940650498,23.1373308
4.75,-9.533923104,-7.741830564,30.38294501,-12.98084992,31.28648221
4.76,-9.34889398,-7.444929614,30.29078662,-8.393835306,27.96592906
4.77,-9.154046928,-7.165669938,30.16048485,-10.57825101,32.90156683
4.78,-8.952139087,-6.906925803,29.99525004,-9.92019935,34.48109067
4.79,-8.74590819,-6.670941378,29.79857047,-8.749747896,30.61464282
4.8,-8.538015313,-6.459352584,29.57409339,-5.304266516,29.83614763
4.81,-8.330996242,-6.273230631,29.32552063,-10.3356842,29.10606572
4.82,-8.127222428,-6.113141328,29.05652144,-8.198443901,26.32703814
4.83,-7.92887182,-5.979214325,28.77066394,-8.440535963,27.28627976
4.84,-7.737909327,-5.871216962,28.47136453,-5.889193813,28.54058828
4.85,-7.556076205,-5.788628182,28.16185418,-8.121667704,27.94949032
4.86,-7.384887342,-5.730708942,27.84515937,-6.938643306,29.07878777
4.87,-7.22563522,-5.696566498,27.52409539,-9.225059677,25.44092013
4.88,-7.079399249,-5.685210843,27.20126932,-4.870040819,26.37659558
4.89,-6.947059169,-5.695602391,26.8790904,-9.780743354,27.76671582
4.9,-6.829311269,-5.726690586,26.55978558,-5.902571657,23.49835507
4.91,-6.726686311,-5.777443627,26.24541844,-6.26772288,27.71658463
4.92,-6.639568157,-5.846869802,25.93790978,-5.890795254,27.20187275
4.93,-6.56821229,-5.934031146,25.6390589,-9.376750486,26.30113921
4.94,-6.512763518,-6.03805022,25.35056452,-7.118003037,24.3849842
4.95,-6.473272348,-6.15811084,25.0740446,-4.732161129,28.03259362
4.96,-6.449709612,-6.293453553,24.81105472,-2.860969502,27.44067046
4.97,-6.441979036,-6.443366571,24.56310451,-6.6614474,25.26854484
4.98,-6.449927573,-6.607172826,24.3316719,-4.916281829,24.5740278
4.99,-6.473353337,-6.784213669,24.11821492,-6.211824961,25.76572118
